legacy_id,first_name,last_name,dob,phone,email,created_at
1,Ryan,Anderson,1979-05-28,(818) 712-6623,ryan.anderson@example.com,2022-05-04 11:40
2,Corey,Barr,2018-12-29,984-258-9705,corey.barr@example.com,2020-11-14 10:35
3,Austin,Wagner,1949-03-11,(960) 972-5626,austin.wagner@example.com,2025-01-08 14:18
4,Michael,Martin,1996-05-25,(304) 337-9271,michael.martin@example.com,2020-10-18 02:25
5,Jason,Stafford,1974-02-15,(679) 989-4580,jason.stafford@example.com,2024-10-09 17:27
6,Tiffany,Mitchell,1987-11-02,116.864.7897,tiffany.mitchell@example.com,2021-11-15 21:14
7,Jenny,Reyes,2018-01-07,+19902269905,jenny.reyes@example.com,2020-01-21 04:34
8,John,Fernandez,1990-11-05,926-092-8714,john.fernandez@example.com,2023-08-06 00:24
9,Amber,Evans,1990-08-20,294-166-1575,amber.evans@example.com,2021-10-30 22:57
10,Eric,Ford,2011-07-27,+17115398093,eric.ford@example.com,2020-11-13 13:21
11,Jennifer,Brown,1942-09-21,,jennifer.brown@example.com,2020-10-27 11:41
12,Tamara,Obrien,1989-06-23,+15509783664,tamara.obrien@example.com,2025-02-18 17:04
13,Heather,Hudson,1983-07-08,(728) 804-3251,heather.hudson@example.com,2023-11-28 09:12
14,Christopher,Shaw,1938-02-03,356.377.0441,christopher.shaw@example.com,2020-09-01 19:46
15,Sarah,Wright,1972-02-09,+15108804684,sarah.wright@example.com,2024-11-28 18:29
16,Jeffrey,Rogers,2022-06-11,(191) 342-5306,jeffrey.rogers@example.com,2020-05-22 08:54
17,Austin,Francis,1994-12-14,+18283560028,austin.francis@example.com,2020-09-04 21:43
18,Kenneth,Fox,1974-06-05,(377) 020-9923,kenneth.fox@example.com,2023-03-27 00:15
19,Jean,Simon,1959-05-14,+19692454922,jean.simon@example.com,2021-05-20 08:22
20,Pamela,James,1960-12-21,952-227-4697,pamela.james@example.com,2022-04-09 11:18
21,James,Davidson,1938-10-14,(050) 788-4000,james.davidson@example.com,2025-03-07 12:05
22,Katherine,Davis,1998-04-07,431-838-8369,katherine.davis@example.com,2021-05-22 16:10
23,Matthew,Carter,1941-08-25,+16301839137,matthew.carter@example.com,2024-09-26 09:10
24,Michael,Hunter,1973-02-26,+13501529875,michael.hunter@example.com,2020-06-22 19:02
25,Lauren,Scott,1956-02-01,(154) 643-0904,lauren.scott@example.com,2022-09-07 01:53
26,Michael,Paul,1935-01-13,(326) 556-1260,michael.paul@example.com,2021-10-17 12:01
27,Thomas,Brown,1975-10-30,+11351275245,thomas.brown@example.com,2021-10-22 14:35
28,Sarah,Price,2004-03-04,115.075.5715,sarah.price@example.com,2023-11-26 14:28
29,Andrew,Ray,1951-02-08,631-686-9120,andrew.ray@example.com,2022-02-05 05:52
30,Erin,Dixon,1943-02-06,+18057011244,erin.dixon@example.com,2024-12-21 05:53
31,William,Johnson,1934-09-22,060.310.2843,william.johnson@example.com,2023-01-29 16:24
32,Joseph,Butler,1999-05-15,797-996-1171,joseph.butler@example.com,2024-05-02 01:02
33,Lindsey,Williams,1937-06-22,(416) 302-5808,lindsey.williams@example.com,2020-12-06 16:01
34,Nathan,Kaufman,1982-12-20,620-038-7012,nathan.kaufman@example.com,2023-08-04 14:31
35,David,Parsons,2023-06-14,782.342.4281,david.parsons@example.com,2023-03-31 15:35
36,Daniel,Mendoza,1943-08-26,924.136.5533,daniel.mendoza@example.com,2024-07-01 21:37
37,Nancy,Jones,1938-06-08,(779) 650-5033,nancy.jones@example.com,2020-12-21 21:35
38,Angela,Lopez,1978-12-24,+18572244375,angela.lopez@example.com,2022-11-22 21:19
39,Rachel,Welch,2018-05-23,285.959.5232,rachel.welch@example.com,2021-05-06 09:05
40,Mark,Bowers,1969-10-15,+18168509553,mark.bowers@example.com,2024-04-04 06:24
41,Barbara,Vaughn,2018-09-10,(758) 445-3309,barbara.vaughn@example.com,2025-04-26 17:45
42,Donald,Jacobs,1955-10-05,887-266-3532,donald.jacobs@example.com,2021-04-19 20:31
43,Michelle,Valenzuela,2020-01-18,720-959-4746,michelle.valenzuela@example.com,2024-08-02 19:00
44,Wesley,Kirk,1985-02-09,(010) 518-2203,wesley.kirk@example.com,2025-02-03 20:32
45,William,Olson,1976-09-12,(561) 254-1064,william.olson@example.com,2020-12-13 13:27
46,Johnny,Roman,1971-12-31,+18567619047,johnny.roman@example.com,2022-01-13 22:51
47,David,Ward,2007-09-12,,david.ward@example.com,2024-10-28 17:11
48,Kenneth,Rodriguez,1977-02-13,(971) 486-4948,kenneth.rodriguez@example.com,2024-02-18 22:04
49,Brandon,Patrick,2006-06-13,921-583-6719,brandon.patrick@example.com,2021-02-02 21:33
50,Alexander,Mccullough,2011-06-18,931-859-5573,alexander.mccullough@example.com,2022-04-03 12:03
51,Kelsey,Miller,1944-12-07,907.753.1956,kelsey.miller@example.com,2021-10-20 00:49
52,Michael,Ellis,1983-11-21,648-185-4535,michael.ellis@example.com,2022-08-26 11:15
53,Joshua,Nelson,2006-04-01,+10713711192,joshua.nelson@example.com,2023-09-23 03:06
54,Linda,Thomas,1999-02-26,782.607.3999,linda.thomas@example.com,2021-01-10 22:43
55,Sharon,Brown,1945-07-23,(151) 499-3695,sharon.brown@example.com,2022-11-16 09:29
56,George,Martin,1998-07-04,,george.martin@example.com,2024-09-16 23:22
57,Sabrina,Ford,1982-10-17,723-193-4540,sabrina.ford@example.com,2020-01-23 08:11
58,Janet,Alvarado,2018-01-06,,janet.alvarado@example.com,2025-05-14 18:26
59,Jacqueline,Mays,1946-03-13,,jacqueline.mays@example.com,2020-07-28 09:43
60,Charles,Brooks,1937-02-16,+10270436997,charles.brooks@example.com,2020-08-08 03:30
61,Pamela,James,1934-08-29,+18460291303,pamela.james@example.com,2024-02-17 03:07
62,Anthony,Parks,1983-11-11,416-093-0764,anthony.parks@example.com,2024-11-09 04:03
63,Katherine,Jones,1955-07-29,447-849-2961,katherine.jones@example.com,2024-01-09 11:25
64,Ashley,Olson,1960-08-18,385-338-2644,ashley.olson@example.com,2020-10-20 01:26
65,Heather,Scott,1970-11-29,,heather.scott@example.com,2023-09-01 05:30
66,Sandra,Reilly,1964-05-01,531.430.0129,sandra.reilly@example.com,2023-12-21 23:52
67,Connie,Hawkins,1983-09-04,(149) 467-3165,connie.hawkins@example.com,2020-11-01 18:34
68,Debra,Manning,1965-02-07,,debra.manning@example.com,2022-11-20 04:14
69,Jeffery,Terry,1984-09-21,(024) 553-2750,jeffery.terry@example.com,2022-02-11 13:09
70,David,Joyce,1985-02-04,417.981.1071,david.joyce@example.com,2021-03-11 12:44
71,Melissa,Barnes,1991-11-07,+10968205116,melissa.barnes@example.com,2023-12-08 08:02
72,Heidi,Miranda,2001-05-07,(316) 395-8739,heidi.miranda@example.com,2023-10-08 18:13
73,Kenneth,Smith,2016-09-08,(121) 317-9828,kenneth.smith@example.com,2020-06-06 04:08
74,Thomas,Crane,1961-10-13,(481) 059-3307,thomas.crane@example.com,2020-10-16 18:10
75,Jason,Potts,1986-08-06,644-546-5810,jason.potts@example.com,2021-05-31 17:03
76,Gregory,Bradshaw,2020-02-13,552.770.0306,gregory.bradshaw@example.com,2021-10-26 02:09
77,Philip,Fuller,1970-05-25,(376) 616-7444,philip.fuller@example.com,2021-05-26 12:14
78,Jill,Mcknight,1976-03-01,581.491.4847,jill.mcknight@example.com,2022-04-03 22:58
79,Michael,Zavala,2010-09-01,595.875.4792,michael.zavala@example.com,2022-06-05 05:43
80,Adam,Henderson,2000-03-17,476.472.0088,adam.henderson@example.com,2021-04-25 22:29
81,Patrick,Howell,1983-08-28,768-642-8279,patrick.howell@example.com,2020-06-30 16:49
82,Victor,Smith,1938-12-04,(501) 170-3845,victor.smith@example.com,2022-09-01 08:04
83,Kimberly,Erickson,1992-06-17,,kimberly.erickson@example.com,2024-12-19 23:26
84,Mark,Clark,1963-06-26,869-202-1387,mark.clark@example.com,2020-06-25 17:14
85,Jennifer,Weaver,1959-05-22,(236) 516-9023,jennifer.weaver@example.com,2021-07-31 08:06
86,Jacob,King,1935-04-10,,jacob.king@example.com,2020-07-30 03:31
87,Tammy,Adams,1998-03-13,586-061-5751,tammy.adams@example.com,2023-06-08 11:41
88,Danielle,Neal,2016-03-21,458-981-9876,danielle.neal@example.com,2024-12-03 15:20
89,Robert,Phillips,1976-03-03,(824) 529-2537,robert.phillips@example.com,2023-07-26 11:40
90,Gregory,Lewis,1966-05-09,+16343278113,gregory.lewis@example.com,2022-03-21 04:05
91,Robert,Ali,1955-10-30,+19868563488,robert.ali@example.com,2022-01-11 13:42
92,Jake,Jackson,1951-10-10,056-481-2608,jake.jackson@example.com,2022-07-21 01:24
93,Anthony,Holder,1966-07-20,(802) 420-3495,anthony.holder@example.com,2020-01-29 22:36
94,Ashley,Jones,1947-10-22,(112) 887-1704,ashley.jones@example.com,2020-08-15 14:42
95,Benjamin,Mora,1965-02-09,+13617184234,benjamin.mora@example.com,2021-02-15 12:40
96,Stephanie,Watkins,1939-02-09,(561) 870-7723,stephanie.watkins@example.com,2022-01-28 23:09
97,Cameron,Thompson,2015-05-14,077-473-8602,cameron.thompson@example.com,2023-09-23 09:24
98,Joseph,Harper,2023-03-14,+12061280453,joseph.harper@example.com,2025-03-15 09:59
99,Julia,Owen,1959-07-18,(478) 119-2956,julia.owen@example.com,2024-09-19 02:08
100,Alexander,Johnson,1959-10-25,(258) 897-2649,alexander.johnson@example.com,2021-02-21 05:28
101,Jordan,Hamilton,1973-04-14,(128) 437-7002,jordan.hamilton@example.com,2024-09-14 19:20
102,William,Lambert,1943-03-17,+13669144773,william.lambert@example.com,2025-02-22 03:22
103,Brittany,Parks,1962-10-28,+19455601729,brittany.parks@example.com,2021-09-24 13:18
104,Erica,Cruz,1968-05-22,+12236098859,erica.cruz@example.com,2024-04-19 06:01
105,Andrea,Williams,1940-04-25,(807) 605-8478,andrea.williams@example.com,2020-10-13 18:16
106,Christopher,Black,1964-11-20,+16332612557,christopher.black@example.com,2020-05-16 23:20
107,John,Wright,1948-11-09,,john.wright@example.com,2021-02-10 10:37
108,Kayla,Cabrera,2019-01-22,+14389041151,kayla.cabrera@example.com,2021-05-17 00:25
109,George,Hunter,1952-02-16,150.095.2389,george.hunter@example.com,2024-10-08 16:14
110,Rebecca,Glover,1943-06-28,,rebecca.glover@example.com,2020-08-21 18:35
111,Mathew,Waller,1975-05-09,951-177-5677,mathew.waller@example.com,2024-08-22 02:09
112,Jared,Baker,1962-03-31,,jared.baker@example.com,2023-02-21 02:44
113,Rebecca,Robinson,1969-05-30,008-865-1782,rebecca.robinson@example.com,2023-08-28 07:13
114,Jacqueline,Huff,2002-06-25,+18000578767,jacqueline.huff@example.com,2023-02-06 22:23
115,Jennifer,Williams,1942-01-28,(329) 939-5533,jennifer.williams@example.com,2023-01-16 16:11
116,Jessica,Shaw,1993-11-01,923-672-5274,jessica.shaw@example.com,2020-11-15 08:50
117,Madison,Chaney,2005-04-20,624.454.1144,madison.chaney@example.com,2025-04-12 07:52
118,Mary,Williams,2008-06-08,691-587-8710,mary.williams@example.com,2021-05-19 21:00
119,Tiffany,White,1997-10-10,905-707-0989,tiffany.white@example.com,2023-07-04 22:53
120,Stacey,Jones,1970-09-27,,stacey.jones@example.com,2022-10-29 01:32
121,Julie,Davis,1957-12-09,542.155.0508,julie.davis@example.com,2022-02-10 00:41
122,Jordan,Dean,1943-07-04,(070) 309-3119,jordan.dean@example.com,2023-04-03 12:22
123,Margaret,Khan,1960-03-19,605.499.2067,margaret.khan@example.com,2021-11-22 01:51
124,Jeffrey,Carrillo,1958-07-10,666.377.4683,jeffrey.carrillo@example.com,2022-12-22 08:25
125,Jesse,Foley,1976-04-22,309-950-9393,jesse.foley@example.com,2021-11-23 14:23
126,Janet,Lane,1946-03-02,,janet.lane@example.com,2021-08-23 00:48
127,Mark,Henderson,1967-07-02,+11170282497,mark.henderson@example.com,2020-08-03 16:23
128,Curtis,Flores,1937-05-03,+14463967979,curtis.flores@example.com,2022-12-26 23:21
129,Rhonda,Wiley,2001-02-12,344.666.3815,rhonda.wiley@example.com,2024-07-23 23:08
130,Laura,Martinez,1966-06-16,(618) 226-1926,laura.martinez@example.com,2020-12-24 08:30
131,Michelle,Lewis,1958-09-23,+11274113783,michelle.lewis@example.com,2021-07-08 18:58
132,Christy,Hernandez,1997-10-09,+15407454257,christy.hernandez@example.com,2020-04-28 20:39
133,Nicole,Carrillo,1960-12-28,579.793.4979,nicole.carrillo@example.com,2022-12-10 00:17
134,Matthew,Lopez,1969-02-12,+18548223908,matthew.lopez@example.com,2023-09-17 19:53
135,Valerie,Holt,1937-10-17,(379) 176-1353,valerie.holt@example.com,2023-04-11 18:15
136,Joshua,Watkins,1981-09-18,099-520-0118,joshua.watkins@example.com,2022-03-02 09:29
137,Michelle,Gomez,2005-02-21,,michelle.gomez@example.com,2023-09-16 18:48
138,Tony,James,1998-03-05,,tony.james@example.com,2024-07-30 21:53
139,Tammy,Preston,1986-12-11,523-421-6675,tammy.preston@example.com,2023-02-05 14:19
140,Sheena,Jones,1972-01-04,+13047245717,sheena.jones@example.com,2025-04-20 01:50
141,Jennifer,Grant,1968-03-19,(777) 854-4904,jennifer.grant@example.com,2022-07-22 01:39
142,Nicholas,White,1944-06-21,835.951.3922,nicholas.white@example.com,2022-10-10 09:57
143,Mark,Henry,1996-01-15,+16867961862,mark.henry@example.com,2024-09-18 11:59
144,Matthew,Jackson,1972-10-19,070.043.2631,matthew.jackson@example.com,2023-03-23 23:07
145,Christy,Nielsen,1986-02-21,420-020-8668,christy.nielsen@example.com,2025-03-27 08:07
146,Christopher,Hughes,1981-10-02,385.890.9888,christopher.hughes@example.com,2024-08-29 09:09
147,Sarah,Gray,1995-01-10,+11920492009,sarah.gray@example.com,2022-06-10 09:50
148,Cheryl,Salinas,1969-12-19,+13822440446,cheryl.salinas@example.com,2023-12-15 16:01
149,Connie,Anderson,1956-10-25,876-551-0098,connie.anderson@example.com,2024-05-07 03:53
150,Brian,Robinson,1944-07-13,627-611-4161,brian.robinson@example.com,2020-09-20 10:48
151,Todd,Jones,1985-09-16,+16787253129,todd.jones@example.com,2020-10-17 03:27
152,Thomas,Henry,1949-06-10,813-483-8377,thomas.henry@example.com,2022-08-22 10:33
153,Justin,Simmons,1975-12-05,613-803-6529,justin.simmons@example.com,2021-04-02 19:30
154,James,Patterson,1976-04-03,,james.patterson@example.com,2022-01-30 16:46
155,Nicolas,Davidson,1981-08-21,(650) 511-7622,nicolas.davidson@example.com,2023-11-15 22:17
156,Emily,Cherry,2021-11-10,892-192-0541,emily.cherry@example.com,2023-04-07 23:30
157,Jane,Sloan,1950-02-14,741-169-4097,jane.sloan@example.com,2021-04-03 11:43
158,Jill,Jackson,1976-01-28,(837) 113-0775,jill.jackson@example.com,2020-11-27 03:43
159,Richard,Torres,2001-04-29,429-126-3977,richard.torres@example.com,2021-06-30 11:03
160,Dennis,Hutchinson,1936-10-10,738.759.5894,dennis.hutchinson@example.com,2020-06-05 00:33
161,Monique,Bowers,1957-04-25,(648) 428-7903,monique.bowers@example.com,2023-11-19 04:15
162,Travis,Holt,2003-12-29,316.061.6793,travis.holt@example.com,2024-07-08 04:03
163,Katie,Banks,1985-01-05,+17698390494,katie.banks@example.com,2023-10-07 00:39
164,Heather,Roman,2012-05-25,102.358.9766,heather.roman@example.com,2024-08-29 04:17
165,Victor,Edwards,1964-03-29,459-634-0909,victor.edwards@example.com,2024-01-14 18:17
166,Adrian,Chaney,1989-08-14,024-093-8770,adrian.chaney@example.com,2022-05-11 13:49
167,Lawrence,Willis,2023-12-21,312.974.5495,lawrence.willis@example.com,2025-05-01 05:45
168,Laurie,Torres,1980-07-26,204.024.6246,laurie.torres@example.com,2020-08-28 17:34
169,Jennifer,Juarez,1987-02-15,989-032-9427,jennifer.juarez@example.com,2022-04-24 04:32
170,Michael,Weaver,2020-03-18,(678) 490-7520,michael.weaver@example.com,2021-03-05 21:55
171,Cynthia,Duran,2013-10-27,420.332.9700,cynthia.duran@example.com,2021-04-19 17:59
172,Eric,Mendoza,2007-12-12,(960) 594-6640,eric.mendoza@example.com,2023-07-12 22:47
173,Anna,Sanchez,1951-11-01,799.193.9805,anna.sanchez@example.com,2023-07-15 18:22
174,Ariel,Carter,1984-03-17,,ariel.carter@example.com,2023-07-29 08:10
175,Kenneth,Lopez,1942-06-12,(761) 274-1743,kenneth.lopez@example.com,2024-11-23 14:35
176,Brian,Brown,2021-10-20,(646) 183-7593,brian.brown@example.com,2022-12-28 21:02
177,Frank,Goodman,1992-04-26,857.812.9809,frank.goodman@example.com,2023-07-25 20:29
178,Katrina,Smith,1986-08-02,360-619-5035,katrina.smith@example.com,2024-02-25 21:01
179,Chad,Dalton,1941-09-16,232.334.0538,chad.dalton@example.com,2024-02-17 20:05
180,Lauren,Harrison,1949-07-27,,lauren.harrison@example.com,2022-11-10 07:38
181,Doris,Cox,2014-07-11,434.717.9373,doris.cox@example.com,2021-05-27 18:37
182,Mark,Brown,2011-09-30,055-417-9117,mark.brown@example.com,2025-04-17 06:50
183,Sarah,Zavala,1979-11-28,043.978.5177,sarah.zavala@example.com,2025-01-12 22:43
184,Derek,Marquez,2016-07-02,(198) 891-4752,derek.marquez@example.com,2020-09-17 19:34
185,Barbara,Chen,2022-06-19,190-936-4673,barbara.chen@example.com,2023-12-05 10:43
186,Christina,Doyle,1952-10-20,+19655493338,christina.doyle@example.com,2023-03-23 20:01
187,Jacqueline,Frederick,1941-10-02,463.822.4428,jacqueline.frederick@example.com,2022-10-12 11:23
188,Shawn,Bailey,1972-12-21,938.176.5239,shawn.bailey@example.com,2022-05-14 12:19
189,Jeremy,Hardy,2022-11-10,840.926.3227,jeremy.hardy@example.com,2022-02-22 18:43
190,Craig,Gill,1952-09-09,465.600.1570,craig.gill@example.com,2020-03-01 05:19
191,Carmen,Grant,1947-08-03,(101) 589-8214,carmen.grant@example.com,2022-12-23 06:56
192,Tommy,Weeks,1954-01-09,(738) 975-3880,tommy.weeks@example.com,2020-05-05 01:51
193,Lori,Butler,2008-01-02,828-845-3661,lori.butler@example.com,2021-09-11 09:24
194,Daniel,Rodriguez,1945-11-17,061-282-3071,daniel.rodriguez@example.com,2022-01-11 03:12
195,Matthew,Davis,1985-06-14,(280) 790-3122,matthew.davis@example.com,2024-10-18 04:37
196,Walter,Smith,1991-02-16,394.505.1325,walter.smith@example.com,2022-03-07 02:54
197,Mary,Curry,2001-10-31,880-781-3509,mary.curry@example.com,2025-02-25 10:38
198,Christopher,Randall,2000-05-24,(658) 698-2677,christopher.randall@example.com,2021-05-23 19:15
199,Michael,Johnson,1962-06-12,(285) 935-8740,michael.johnson@example.com,2024-12-02 21:51
200,Lisa,Black,1985-07-23,,lisa.black@example.com,2022-08-27 05:13
201,Jacob,Moore,1981-11-12,845.133.5193,jacob.moore@example.com,2023-05-17 08:41
202,Kyle,Lynch,2016-09-03,215-257-7722,kyle.lynch@example.com,2020-08-24 02:42
203,Dana,Pruitt,1990-11-12,981-619-5864,dana.pruitt@example.com,2020-11-12 14:18
204,Michelle,Meyer,2005-12-14,+11427108565,michelle.meyer@example.com,2025-02-08 09:56
205,Francisco,Valdez,1936-05-02,(722) 797-2014,francisco.valdez@example.com,2022-12-14 17:23
206,Jill,Ayala,1983-12-17,+17573957027,jill.ayala@example.com,2020-08-02 05:47
207,John,Lopez,1952-05-02,+12839712698,john.lopez@example.com,2020-02-09 07:24
208,Stacey,Huerta,1982-12-25,216.771.4875,stacey.huerta@example.com,2020-11-23 21:32
209,Michael,Chaney,2018-09-15,+13062595915,michael.chaney@example.com,2025-05-28 16:39
210,Anthony,Pittman,1952-09-03,671.865.2001,anthony.pittman@example.com,2021-04-20 07:50
211,Joanna,Richardson,2017-12-28,+11306920289,joanna.richardson@example.com,2025-03-28 13:45
212,Jenna,Mcgee,1976-12-11,421.293.9766,jenna.mcgee@example.com,2023-12-15 07:30
213,Tammy,Duncan,1984-05-23,+16183747521,tammy.duncan@example.com,2022-09-28 08:46
214,Susan,Mendez,1981-08-30,(283) 805-7728,susan.mendez@example.com,2022-05-16 14:23
215,Nicholas,Carpenter,1963-11-26,259-152-5134,nicholas.carpenter@example.com,2023-12-14 19:10
216,Kelly,Price,1969-05-17,308.057.1773,kelly.price@example.com,2022-11-11 03:33
217,Joshua,Smith,1991-05-08,,joshua.smith@example.com,2022-10-06 18:48
218,Patrick,Rogers,1965-08-08,135-487-4506,patrick.rogers@example.com,2023-01-07 09:40
219,Jennifer,Hanson,1960-02-28,+12388411298,jennifer.hanson@example.com,2022-05-18 20:50
220,Jeffery,Chen,1965-03-20,+18444082065,jeffery.chen@example.com,2024-09-22 18:46
221,Samantha,Huerta,2011-02-19,,samantha.huerta@example.com,2021-08-16 14:11
222,Miguel,Bernard,2005-11-26,,miguel.bernard@example.com,2023-06-16 17:28
223,Jonathan,Perry,2018-03-18,937-570-1128,jonathan.perry@example.com,2024-01-19 04:04
224,Nancy,Owen,1977-03-29,282.622.0844,nancy.owen@example.com,2023-10-24 10:18
225,Alvin,Warner,1950-08-27,(044) 778-5982,alvin.warner@example.com,2022-07-03 03:47
226,Rebecca,Brown,1948-02-10,388-645-9704,rebecca.brown@example.com,2022-08-09 08:22
227,George,Allen,1990-10-03,+14930979770,george.allen@example.com,2024-01-10 08:51
228,Jerome,Campbell,1954-06-09,+13392305138,jerome.campbell@example.com,2023-08-14 23:51
229,Carmen,Carr,1954-04-28,+11883755911,carmen.carr@example.com,2022-12-29 00:53
230,Joseph,Morales,1975-02-23,+14218827588,joseph.morales@example.com,2022-08-10 15:28
231,Amanda,Hill,2020-07-17,(996) 228-7564,amanda.hill@example.com,2021-08-21 08:07
232,John,Bray,1998-10-11,367-162-8615,john.bray@example.com,2021-08-18 02:19
233,Michael,Moore,1970-11-30,477.961.9011,michael.moore@example.com,2022-05-09 01:18
234,Nicole,Rodriguez,2000-03-09,+13555710323,nicole.rodriguez@example.com,2020-11-08 07:46
235,Valerie,Green,1936-05-08,+16902800439,valerie.green@example.com,2021-12-07 18:22
236,Emily,Green,1999-12-25,+19074058153,emily.green@example.com,2020-02-13 22:58
237,David,Stewart,1986-04-25,322-290-6632,david.stewart@example.com,2022-05-02 06:08
238,Christopher,Weaver,1987-01-03,,christopher.weaver@example.com,2020-06-18 09:45
239,Billy,Smith,1937-11-22,926-980-9486,billy.smith@example.com,2024-03-05 02:34
240,Michelle,James,1993-09-26,(929) 154-9576,michelle.james@example.com,2024-11-18 13:19
241,Angela,Wilkinson,1977-07-31,591.709.0969,angela.wilkinson@example.com,2023-09-30 11:44
242,Dustin,Smith,1992-03-13,(908) 085-5994,dustin.smith@example.com,2022-02-23 10:09
243,Karl,James,1988-12-16,446.067.0789,karl.james@example.com,2020-12-20 10:57
244,Monica,Le,1959-03-28,841.588.2215,monica.le@example.com,2024-03-07 19:16
245,Allen,Olson,1964-06-10,,allen.olson@example.com,2025-05-09 14:52
246,Sarah,Castaneda,1980-07-08,147-107-2771,sarah.castaneda@example.com,2021-04-08 12:58
247,Alicia,Burton,1981-10-16,+12961903290,alicia.burton@example.com,2020-09-21 15:32
248,Tyler,Gamble,1948-02-11,(705) 931-4653,tyler.gamble@example.com,2024-09-29 20:56
249,Meghan,Green,1978-11-24,460-908-3804,meghan.green@example.com,2024-06-11 13:49
250,Matthew,Poole,1945-03-16,908.021.5676,matthew.poole@example.com,2022-07-12 20:15
251,Marc,Huang,1980-02-15,158.189.8440,marc.huang@example.com,2022-08-06 18:48
252,Casey,Hill,1995-01-13,(303) 723-3697,casey.hill@example.com,2025-03-09 01:22
253,Brian,Jordan,2009-05-28,(714) 305-8174,brian.jordan@example.com,2021-10-07 13:47
254,Kelly,Johnson,1976-04-20,+10484706363,kelly.johnson@example.com,2020-09-09 05:46
255,Steven,Rodriguez,1945-06-15,442-952-2290,steven.rodriguez@example.com,2024-09-10 23:31
256,James,Chavez,2000-07-17,,james.chavez@example.com,2020-01-09 07:30
257,Taylor,Ramos,1972-08-07,176.816.2979,taylor.ramos@example.com,2022-06-23 21:52
258,Vincent,Price,2022-10-10,,vincent.price@example.com,2022-06-14 02:39
259,Brian,Wright,1984-12-01,843.868.6754,brian.wright@example.com,2020-08-09 03:32
260,Gregory,Lopez,1979-04-20,+17242849983,gregory.lopez@example.com,2025-04-25 23:42
261,Sheena,Aguilar,2016-11-20,501-608-3664,sheena.aguilar@example.com,2023-08-13 20:39
262,Mary,Johnston,1937-01-16,950-869-9296,mary.johnston@example.com,2021-04-07 21:27
263,Leslie,Crosby,1948-12-23,166-665-7108,leslie.crosby@example.com,2020-08-09 20:42
264,Juan,Wheeler,1993-04-27,,juan.wheeler@example.com,2022-08-13 17:11
265,Jessica,Morrison,2004-07-14,+19732152215,jessica.morrison@example.com,2023-09-26 09:39
266,Theodore,Flores,1943-03-03,+16698197979,theodore.flores@example.com,2023-06-04 13:12
267,Raymond,Bailey,1990-01-11,475.445.6509,raymond.bailey@example.com,2023-09-22 01:40
268,James,Munoz,1941-03-20,,james.munoz@example.com,2020-05-03 20:14
269,Lisa,Johnson,2008-04-28,+17650645550,lisa.johnson@example.com,2025-02-18 16:09
270,Lisa,Long,1995-06-20,(383) 776-4720,lisa.long@example.com,2021-12-12 05:50
271,Hunter,Bullock,1959-02-15,(805) 844-9083,hunter.bullock@example.com,2022-04-17 08:11
272,Melissa,Ross,2010-03-15,028-181-3892,melissa.ross@example.com,2024-01-01 19:05
273,Pamela,Johnson,1992-10-02,225.060.8550,pamela.johnson@example.com,2022-05-14 04:51
274,Donna,Santos,1948-02-02,322.465.9558,donna.santos@example.com,2025-05-26 04:58
275,Ashley,Preston,1950-02-27,(734) 493-9253,ashley.preston@example.com,2023-12-31 06:30
276,Kevin,Coleman,1964-07-23,+14091287623,kevin.coleman@example.com,2022-09-24 11:50
277,Jeremy,Jackson,2023-03-20,090-448-9580,jeremy.jackson@example.com,2022-10-21 15:56
278,Elaine,Lloyd,1976-08-05,975.774.2787,elaine.lloyd@example.com,2022-06-14 11:04
279,Jasmine,Morales,2003-09-26,787.319.7757,jasmine.morales@example.com,2024-09-05 02:10
280,Timothy,Roberts,1978-05-17,,timothy.roberts@example.com,2020-09-30 14:12
281,Jesus,Powell,1985-02-18,+16318319921,jesus.powell@example.com,2020-12-26 03:44
282,Andrea,Brown,1938-01-10,407.530.4230,andrea.brown@example.com,2024-05-17 19:04
283,George,Long,1944-03-02,(275) 792-8327,george.long@example.com,2024-08-12 18:42
284,Theresa,Ramos,1956-01-04,(311) 568-9836,theresa.ramos@example.com,2021-08-05 19:10
285,Charlotte,Alvarez,1985-06-19,907.934.6257,charlotte.alvarez@example.com,2025-04-27 01:51
286,William,Thomas,2016-09-03,(629) 839-3639,william.thomas@example.com,2021-09-24 10:24
287,Nicole,Oneill,2002-05-12,863-551-7496,nicole.oneill@example.com,2022-06-13 21:00
288,Tim,Blackwell,1970-08-10,179.240.3348,tim.blackwell@example.com,2021-01-12 06:11
289,Jennifer,Miller,1948-11-12,,jennifer.miller@example.com,2025-05-11 09:51
290,Thomas,Mata,1952-03-05,277-580-2522,thomas.mata@example.com,2021-05-07 01:31
291,Lance,Martinez,1976-08-22,(676) 737-0096,lance.martinez@example.com,2024-09-11 18:50
292,Brandon,Diaz,2014-03-29,668-130-8393,brandon.diaz@example.com,2020-12-18 12:16
293,Charles,Morris,1955-12-23,(233) 757-2578,charles.morris@example.com,2021-04-23 08:55
294,Harold,Stanley,1973-01-23,+17871355417,harold.stanley@example.com,2024-04-30 00:14
295,Brittany,May,1984-05-08,805.859.8674,brittany.may@example.com,2024-02-08 01:46
296,Troy,Contreras,1973-07-25,093-477-7276,troy.contreras@example.com,2023-11-20 04:28
297,John,Gomez,1939-02-14,791.677.3241,john.gomez@example.com,2021-08-15 04:56
298,Sheila,Zhang,1940-05-04,189-285-0942,sheila.zhang@example.com,2020-08-04 21:25
299,John,Hoffman,2010-06-23,137.448.6430,john.hoffman@example.com,2022-11-21 22:56
300,Lisa,Ramsey,1949-08-29,+11210840120,lisa.ramsey@example.com,2020-01-08 23:16
301,Pamela,Atkins,1972-09-05,+19814613111,pamela.atkins@example.com,2024-12-28 13:14
302,Angela,Anderson,2016-01-30,470.005.6777,angela.anderson@example.com,2021-04-06 16:04
303,Todd,Lane,1983-12-04,297.729.2779,todd.lane@example.com,2022-12-08 06:18
304,Alexis,Taylor,1954-05-25,196.668.1233,alexis.taylor@example.com,2023-11-15 16:57
305,Taylor,Vargas,2021-09-11,569-306-2602,taylor.vargas@example.com,2022-01-11 22:37
306,Jason,Brewer,2001-08-21,646-210-8501,jason.brewer@example.com,2023-06-30 05:36
307,Angela,Peterson,1970-12-18,,angela.peterson@example.com,2024-01-09 11:39
308,Jessica,Salas,2009-05-02,095.396.1031,jessica.salas@example.com,2023-04-14 12:07
309,Lindsey,Harris,1937-09-23,899-790-1645,lindsey.harris@example.com,2024-03-18 22:22
310,Tammy,Levy,2011-08-09,018-867-9475,tammy.levy@example.com,2024-04-09 13:32
311,Christopher,Cox,1936-12-30,+17650064302,christopher.cox@example.com,2020-11-07 19:43
312,Amanda,Daniel,1942-05-24,942.355.5956,amanda.daniel@example.com,2020-11-05 19:02
313,Daniel,Reilly,1945-11-21,481.542.5021,daniel.reilly@example.com,2020-02-17 16:23
314,Mark,Andrews,1989-09-23,101.222.5685,mark.andrews@example.com,2021-04-24 14:00
315,Corey,David,1996-05-06,,corey.david@example.com,2022-04-03 09:31
316,Kimberly,Morales,1978-03-30,435.472.7623,kimberly.morales@example.com,2020-09-06 12:44
317,David,Fitzgerald,1948-08-30,331.421.6112,david.fitzgerald@example.com,2022-09-10 19:58
318,Joshua,Park,1989-06-10,941.918.1465,joshua.park@example.com,2024-08-07 21:04
319,Alexander,Hensley,1985-03-09,,alexander.hensley@example.com,2020-07-31 13:49
320,Carlos,Lambert,1985-05-14,+19136541415,carlos.lambert@example.com,2021-12-07 18:36
321,Kristine,Shaw,1978-07-12,873.035.9934,kristine.shaw@example.com,2020-11-01 20:27
322,Amber,Nicholson,1940-01-16,(415) 359-5002,amber.nicholson@example.com,2023-10-10 11:04
323,Alan,Fuller,1941-04-07,+17990536668,alan.fuller@example.com,2020-03-30 22:27
324,Wendy,Watts,1977-01-07,,wendy.watts@example.com,2020-06-23 08:33
325,Harold,Horton,1951-10-16,+16054455597,harold.horton@example.com,2023-08-31 02:20
326,Brooke,Norton,2001-11-14,575.819.5690,brooke.norton@example.com,2024-10-24 06:39
327,Sarah,Harmon,1978-09-13,378-064-9680,sarah.harmon@example.com,2021-06-12 02:53
328,Stephanie,Sanchez,2007-12-10,685.718.6465,stephanie.sanchez@example.com,2025-04-09 08:57
329,Justin,Parsons,1965-05-11,378.093.6115,justin.parsons@example.com,2024-12-16 19:20
330,Jack,Gross,2015-12-31,843.671.7590,jack.gross@example.com,2022-02-28 01:55
331,Caitlin,Campbell,2023-06-12,(575) 965-3054,caitlin.campbell@example.com,2023-12-16 11:47
332,Eric,Mejia,2009-06-22,293-506-1268,eric.mejia@example.com,2020-08-17 11:32
333,Sherri,Johnson,1968-06-05,+18381377996,sherri.johnson@example.com,2024-12-30 12:31
334,Paul,Hoffman,1970-08-13,279.926.9767,paul.hoffman@example.com,2022-02-16 00:40
335,Ryan,Cooper,1942-08-12,+17240683180,ryan.cooper@example.com,2021-09-10 22:41
336,Hannah,Baker,2013-08-14,687.759.7867,hannah.baker@example.com,2020-11-27 08:38
337,Justin,Stuart,1969-01-20,+15782881566,justin.stuart@example.com,2024-11-20 21:05
338,Heather,Edwards,1934-10-03,+10503238501,heather.edwards@example.com,2020-03-09 03:56
339,Molly,Snyder,1969-04-06,525.134.5922,molly.snyder@example.com,2022-05-02 18:44
340,Gregory,Thornton,1989-09-09,,gregory.thornton@example.com,2020-06-01 09:00
341,Nicholas,Wallace,1986-10-16,362.654.0192,nicholas.wallace@example.com,2022-06-08 04:10
342,Gary,Gray,2015-05-22,956-862-3994,gary.gray@example.com,2025-03-01 02:02
343,Nicholas,Sandoval,2019-06-23,473-653-6993,nicholas.sandoval@example.com,2025-05-31 21:40
344,Maxwell,Baker,1969-10-29,+17446223568,maxwell.baker@example.com,2021-02-28 22:59
345,Michael,Juarez,2021-09-19,(743) 366-1447,michael.juarez@example.com,2022-08-17 19:42
346,Chelsey,Perez,1937-08-16,(167) 014-5073,chelsey.perez@example.com,2024-12-05 16:09
347,Amanda,White,1961-02-17,903-687-0165,amanda.white@example.com,2020-10-07 00:49
348,Michael,James,1969-05-23,+14641911966,michael.james@example.com,2023-07-14 22:09
349,Thomas,Ramirez,1952-06-16,761-404-9488,thomas.ramirez@example.com,2024-08-02 21:09
350,Jonathan,Casey,1984-01-13,+19337694852,jonathan.casey@example.com,2024-07-07 07:13
351,Mackenzie,Thompson,1954-03-12,+11767132268,mackenzie.thompson@example.com,2021-05-26 05:19
352,Kenneth,Dominguez,1981-07-25,947.904.9079,kenneth.dominguez@example.com,2022-07-05 23:20
353,Michael,Taylor,1992-09-16,+13661222218,michael.taylor@example.com,2020-12-23 19:40
354,Michael,Jensen,1973-11-06,(712) 284-8311,michael.jensen@example.com,2021-03-13 07:36
355,Jesse,Gilbert,1953-02-24,775-353-7956,jesse.gilbert@example.com,2023-05-19 17:08
356,Levi,Spencer,2020-03-02,+13875811083,levi.spencer@example.com,2020-10-07 13:28
357,Monica,Barry,2008-07-03,(471) 323-0323,monica.barry@example.com,2022-04-01 15:27
358,Phillip,Oliver,1956-09-03,686.647.0676,phillip.oliver@example.com,2023-02-19 03:44
359,Luis,Meyer,1936-03-21,+14470582933,luis.meyer@example.com,2024-12-21 03:57
360,Bruce,Moore,1942-02-26,+15849993460,bruce.moore@example.com,2020-12-02 14:52
361,Jacqueline,Thompson,1962-10-20,892.204.9714,jacqueline.thompson@example.com,2020-03-18 17:58
362,Mark,Jones,1968-06-29,+18365342154,mark.jones@example.com,2025-03-10 11:01
363,Kristina,Martinez,1977-02-27,(640) 263-1446,kristina.martinez@example.com,2025-05-28 03:09
364,Matthew,Turner,1963-10-28,+18236039061,matthew.turner@example.com,2023-06-22 12:44
365,Glenda,Bradley,1986-10-16,(022) 492-9093,glenda.bradley@example.com,2020-04-25 14:44
366,Daniel,David,2004-03-08,104.957.8704,daniel.david@example.com,2020-12-26 18:34
367,Larry,Sims,1945-07-02,,larry.sims@example.com,2024-07-28 02:22
368,Jacob,Stokes,1941-07-05,893.441.2324,jacob.stokes@example.com,2023-02-26 16:37
369,Glenda,Whitaker,1937-10-17,732.163.1439,glenda.whitaker@example.com,2024-12-29 19:16
370,Dennis,Luna,1975-09-03,426-590-2226,dennis.luna@example.com,2023-07-13 00:01
371,John,Mathis,2016-12-08,561.135.7838,john.mathis@example.com,2025-03-27 18:21
372,April,Gonzalez,1986-09-01,+10697928819,april.gonzalez@example.com,2020-04-11 15:30
373,Brian,Bates,2005-01-04,960-583-6801,brian.bates@example.com,2023-10-09 13:02
374,Scott,Castro,1938-06-27,490-353-9504,scott.castro@example.com,2023-01-31 19:49
375,Whitney,Oconnor,2020-10-15,,whitney.oconnor@example.com,2023-02-15 06:28
376,Amanda,Chang,1982-01-28,+14395615882,amanda.chang@example.com,2020-07-07 02:56
377,Matthew,Cunningham,1980-08-18,884-401-9188,matthew.cunningham@example.com,2021-01-14 12:53
378,Kayla,Krueger,2022-10-23,568.907.3831,kayla.krueger@example.com,2020-10-11 19:39
379,John,Mathews,1976-10-14,(641) 952-9367,john.mathews@example.com,2020-06-06 03:24
380,Samantha,Scott,1964-04-14,815-241-2227,samantha.scott@example.com,2021-01-26 05:33
381,Michaela,Stewart,2000-06-30,334-019-3092,michaela.stewart@example.com,2020-08-01 03:56
382,Melissa,Montes,2020-09-17,265-392-7696,melissa.montes@example.com,2024-12-26 19:53
383,Brandon,Beasley,1966-05-04,287-434-8549,brandon.beasley@example.com,2022-10-17 19:10
384,Elizabeth,Mosley,1953-06-02,(153) 554-8160,elizabeth.mosley@example.com,2022-05-11 11:06
385,Daniel,Haas,1947-05-05,263-824-5712,daniel.haas@example.com,2021-02-07 20:54
386,Mark,Smith,1934-10-24,215-346-2222,mark.smith@example.com,2020-12-07 12:42
387,Mark,Kennedy,1998-02-01,(716) 326-1519,mark.kennedy@example.com,2021-02-13 11:57
388,Shannon,Randall,1956-12-28,,shannon.randall@example.com,2022-01-09 05:27
389,Christopher,Carroll,1993-07-26,(057) 521-7509,christopher.carroll@example.com,2021-06-25 08:44
390,Austin,Huerta,1986-12-03,984-721-7166,austin.huerta@example.com,2023-07-31 21:05
391,Tracy,Rodriguez,2006-03-17,(684) 462-2369,tracy.rodriguez@example.com,2024-01-19 15:28
392,Alexander,Martin,1997-03-24,+14584859111,alexander.martin@example.com,2024-05-13 13:47
393,Susan,Williams,2001-10-31,959.970.2250,susan.williams@example.com,2024-04-14 08:56
394,Anthony,Fernandez,1946-09-06,(800) 679-3677,anthony.fernandez@example.com,2024-06-08 02:13
395,Chris,Elliott,1988-02-11,(216) 518-8324,chris.elliott@example.com,2020-07-07 23:28
396,Luis,Hill,1976-10-09,732.009.4437,luis.hill@example.com,2023-08-17 09:15
397,Jason,Swanson,1984-05-08,605.678.6300,jason.swanson@example.com,2023-10-10 02:24
398,Phillip,Stevens,1987-09-02,,phillip.stevens@example.com,2020-09-08 00:10
399,Brent,Jackson,2001-11-06,257-552-6151,brent.jackson@example.com,2020-07-23 01:37
400,Diana,Mccann,1939-11-04,+11727000794,diana.mccann@example.com,2023-03-29 10:17
401,James,Brock,1936-08-10,+13746045199,james.brock@example.com,2023-11-10 15:28
402,Jade,Quinn,1971-06-01,492.381.9577,jade.quinn@example.com,2020-11-04 03:16
403,Cheyenne,Schwartz,1985-11-30,(872) 644-7124,cheyenne.schwartz@example.com,2024-09-08 22:32
404,Jay,Moran,2012-05-16,088-590-6202,jay.moran@example.com,2023-08-29 04:20
405,Amy,House,2018-03-09,988-023-0054,amy.house@example.com,2023-07-09 16:10
406,Paul,Le,1947-07-28,309.217.1658,paul.le@example.com,2023-05-23 19:28
407,Justin,Harris,1972-02-20,(459) 040-0733,justin.harris@example.com,2022-08-29 01:17
408,Kelly,Nolan,2002-01-16,+19811104201,kelly.nolan@example.com,2023-03-08 21:54
409,Jason,Lopez,1980-12-13,395.578.8525,jason.lopez@example.com,2020-07-27 13:49
410,Elizabeth,Thompson,1966-03-21,,elizabeth.thompson@example.com,2020-09-22 05:13
411,Joseph,Scott,1935-07-05,,joseph.scott@example.com,2020-10-27 00:21
412,Thomas,Cain,1943-09-13,+18418701730,thomas.cain@example.com,2021-02-08 06:06
413,Melissa,Graves,2008-02-17,+18869941526,melissa.graves@example.com,2021-01-14 18:13
414,Sandra,King,1964-10-13,174.778.5913,sandra.king@example.com,2020-06-08 20:05
415,Lawrence,Price,1992-01-31,+12805758364,lawrence.price@example.com,2022-12-28 12:38
416,Steven,Dennis,1981-03-28,221-269-6369,steven.dennis@example.com,2021-04-25 17:31
417,George,Haney,1961-07-04,544-938-7463,george.haney@example.com,2020-12-02 05:20
418,Robert,Short,2008-01-22,+15160730654,robert.short@example.com,2020-12-22 22:28
419,Joseph,Sanders,1995-10-27,181-177-4780,joseph.sanders@example.com,2023-08-26 04:56
420,Ashley,Aguilar,1985-08-05,(529) 109-1274,ashley.aguilar@example.com,2025-03-07 01:57
421,Ashley,Jones,1986-03-21,+10017412821,ashley.jones@example.com,2020-03-30 22:54
422,Sarah,Smith,1951-11-30,+16498302210,sarah.smith@example.com,2022-11-21 19:09
423,Jessica,Ritter,1939-01-31,330-327-5453,jessica.ritter@example.com,2021-03-21 01:36
424,Nicole,Dillon,1992-03-10,775.427.4710,nicole.dillon@example.com,2020-08-04 04:39
425,Crystal,Golden,1985-10-20,(545) 785-9060,crystal.golden@example.com,2020-10-12 01:56
426,Karen,Robinson,2005-03-23,285-317-6902,karen.robinson@example.com,2023-03-14 19:05
427,Tina,Brown,2022-10-29,+15591311945,tina.brown@example.com,2021-05-04 01:17
428,Kristen,Cook,1962-01-11,+14812058804,kristen.cook@example.com,2024-10-29 10:50
429,Laurie,Wilson,1974-03-11,(343) 813-8715,laurie.wilson@example.com,2021-04-28 08:52
430,Heidi,Patterson,1985-06-25,(363) 841-8431,heidi.patterson@example.com,2020-09-10 11:09
431,Jessica,Brown,1954-01-31,161.654.9281,jessica.brown@example.com,2024-02-17 21:33
432,Daniel,Nelson,1999-12-21,912.714.1929,daniel.nelson@example.com,2022-04-28 16:47
433,Jonathan,Anthony,2005-01-26,(204) 124-5174,jonathan.anthony@example.com,2022-12-08 09:57
434,Robin,Estrada,2010-04-20,+11266857592,robin.estrada@example.com,2025-01-16 19:17
435,Wesley,Sullivan,2001-05-16,+11880789622,wesley.sullivan@example.com,2020-05-21 02:33
436,Teresa,Gonzales,1989-08-09,(886) 411-8311,teresa.gonzales@example.com,2020-01-24 21:11
437,Aaron,Spence,2002-06-11,741-405-9722,aaron.spence@example.com,2021-03-02 08:58
438,Nancy,Kirk,1981-03-06,+19731665446,nancy.kirk@example.com,2022-10-16 10:34
439,Brian,Collins,1999-01-27,870.000.3699,brian.collins@example.com,2023-08-30 23:57
440,Matthew,Dominguez,1962-02-23,371.346.0707,matthew.dominguez@example.com,2024-07-12 16:13
441,Mary,Green,2022-10-21,+16356688520,mary.green@example.com,2020-08-11 22:20
442,Dale,Schmitt,1949-08-14,(420) 038-0627,dale.schmitt@example.com,2023-09-17 06:53
443,Jason,Cross,1990-06-24,,jason.cross@example.com,2020-08-29 21:51
444,Jennifer,Ward,1938-03-31,518.065.0438,jennifer.ward@example.com,2024-11-16 11:46
445,Lisa,Long,1984-07-27,993.450.4371,lisa.long@example.com,2022-06-18 11:49
446,Valerie,Douglas,2012-03-28,(302) 484-1073,valerie.douglas@example.com,2022-10-06 00:28
447,Robert,James,1966-01-17,270.826.5458,robert.james@example.com,2023-01-29 05:41
448,Amy,Orozco,1953-06-07,,amy.orozco@example.com,2020-11-24 21:43
449,Lee,Walton,1968-04-17,967.811.4982,lee.walton@example.com,2024-06-15 21:28
450,Eric,Warner,2005-08-09,,eric.warner@example.com,2022-08-21 23:44
451,Roberto,Lee,1977-06-06,116-224-2213,roberto.lee@example.com,2022-10-31 19:23
452,Jennifer,Santiago,1993-01-07,(297) 497-8590,jennifer.santiago@example.com,2024-05-05 00:23
453,Sandra,Cortez,1935-11-27,491-703-7325,sandra.cortez@example.com,2022-12-21 11:18
454,Madeline,Wright,2014-10-21,348-883-3689,madeline.wright@example.com,2022-01-04 01:28
455,Shelia,Goodwin,2023-02-09,+12200916988,shelia.goodwin@example.com,2021-09-04 21:39
456,Jeff,Turner,1992-02-11,272-076-7996,jeff.turner@example.com,2020-08-22 02:44
457,Bethany,Holmes,2024-06-20,084.632.9917,bethany.holmes@example.com,2023-12-12 10:50
458,Deanna,Ramirez,1934-11-08,550.045.9798,deanna.ramirez@example.com,2024-10-19 19:33
459,James,Frey,2020-04-20,+12634455343,james.frey@example.com,2025-05-02 16:43
460,Adam,Valenzuela,2010-01-08,699.586.7000,adam.valenzuela@example.com,2020-07-31 03:47
461,Ruth,Nicholson,2000-11-12,+14252544139,ruth.nicholson@example.com,2022-05-03 09:09
462,John,Snyder,1963-07-05,+13452104019,john.snyder@example.com,2024-04-25 05:46
463,Patricia,Perry,1953-01-21,,patricia.perry@example.com,2023-12-05 14:00
464,Gabriella,Waters,2000-05-18,(951) 815-3150,gabriella.waters@example.com,2023-02-19 15:04
465,Michael,Salazar,1995-11-02,(204) 483-3215,michael.salazar@example.com,2020-10-07 12:59
466,Allen,Fuentes,1983-05-12,981.805.6425,allen.fuentes@example.com,2023-12-08 14:16
467,Michele,Smith,1954-04-28,(923) 590-3872,michele.smith@example.com,2023-10-29 06:34
468,Angela,Johnson,1993-11-21,264-548-5218,angela.johnson@example.com,2022-09-25 22:46
469,Peter,Kirk,1994-01-10,099-483-0357,peter.kirk@example.com,2020-07-11 05:38
470,Susan,Ryan,1985-09-02,+13023380009,susan.ryan@example.com,2020-09-19 00:02
471,Jeremy,Romero,2011-06-30,044-570-3980,jeremy.romero@example.com,2020-05-01 14:38
472,Heather,Hall,1958-07-21,041.596.0750,heather.hall@example.com,2023-09-27 05:39
473,Ross,Williams,1951-03-29,594-216-5044,ross.williams@example.com,2023-02-04 14:11
474,Samantha,Warner,2017-06-10,+12247615771,samantha.warner@example.com,2023-04-18 15:52
475,Patricia,Ross,1934-09-16,+16854009818,patricia.ross@example.com,2025-01-31 13:36
476,Janice,Kramer,1987-08-15,,janice.kramer@example.com,2025-05-14 02:18
477,Douglas,Mcdonald,2002-04-15,(867) 730-0655,douglas.mcdonald@example.com,2022-10-21 07:31
478,Joy,Martinez,1945-06-05,,joy.martinez@example.com,2023-04-16 00:18
479,Tracy,Sanchez,1991-03-20,781-758-6005,tracy.sanchez@example.com,2022-11-01 17:16
480,George,Sloan,1945-04-18,,george.sloan@example.com,2021-03-15 09:39
481,Paul,Scott,1949-08-21,+19716942761,paul.scott@example.com,2023-05-02 18:30
482,Heidi,Buchanan,1966-08-02,(927) 868-5293,heidi.buchanan@example.com,2022-08-19 20:05
483,Eric,Mora,1985-05-11,+10341926651,eric.mora@example.com,2021-02-01 00:59
484,Jennifer,Velasquez,1975-05-26,(238) 794-1095,jennifer.velasquez@example.com,2023-08-08 11:28
485,Maureen,Lee,2008-01-18,(224) 656-7253,maureen.lee@example.com,2023-01-31 13:14
486,Mary,Strong,2021-10-31,200-543-2420,mary.strong@example.com,2022-11-27 17:24
487,Scott,Alvarez,1963-10-23,192.279.9172,scott.alvarez@example.com,2021-08-19 12:56
488,Amy,Smith,2001-02-06,706-619-5889,amy.smith@example.com,2021-04-26 09:32
489,Andrew,Meadows,1991-08-27,,andrew.meadows@example.com,2020-11-10 05:36
490,Blake,Hodges,1947-06-09,(094) 017-6749,blake.hodges@example.com,2022-11-12 06:58
491,Clifford,Daniels,1996-11-24,525-484-8145,clifford.daniels@example.com,2025-01-29 13:55
492,Alexander,Larson,1995-10-07,584-871-1042,alexander.larson@example.com,2021-07-15 20:51
493,Stephanie,Olsen,1934-08-18,663-375-2044,stephanie.olsen@example.com,2023-09-21 19:17
494,Cynthia,Jones,1965-05-24,,cynthia.jones@example.com,2023-02-05 20:07
495,Linda,Clay,1955-03-19,120-995-9978,linda.clay@example.com,2023-10-12 01:51
496,Melissa,Curry,1983-07-18,702.877.1015,melissa.curry@example.com,2021-12-28 00:31
497,Megan,King,1979-01-12,+19811745223,megan.king@example.com,2023-12-28 04:20
498,Gregory,Edwards,2021-11-13,731-452-4602,gregory.edwards@example.com,2023-02-16 20:12
499,James,Lewis,1947-09-17,470.055.3621,james.lewis@example.com,2023-12-05 09:21
500,Anthony,Marsh,1988-12-04,148.533.5673,anthony.marsh@example.com,2024-04-11 11:26
501,Sherry,Lewis,1973-09-20,264-531-7697,sherry.lewis@example.com,2021-09-12 10:32
502,Bryce,Chen,1967-11-20,555-111-8271,bryce.chen@example.com,2022-02-15 17:35
503,Olivia,Nelson,2003-07-11,,olivia.nelson@example.com,2024-02-02 03:26
504,Theresa,Lopez,1950-04-22,(558) 497-8156,theresa.lopez@example.com,2024-05-21 20:59
505,Jeremiah,Rodriguez,1995-06-25,+19327991989,jeremiah.rodriguez@example.com,2020-09-17 14:10
506,Edward,Barrett,2011-05-15,+13551122917,edward.barrett@example.com,2023-10-27 23:40
507,Samantha,Hunt,1997-08-04,448-082-5694,samantha.hunt@example.com,2023-09-21 04:19
508,Brian,Arnold,1965-10-27,,brian.arnold@example.com,2021-11-20 20:21
509,Kaitlyn,Ramirez,1995-01-18,+15774802324,kaitlyn.ramirez@example.com,2020-03-23 20:40
510,Rebecca,Thompson,1970-11-10,794.067.3530,rebecca.thompson@example.com,2024-04-08 16:21
511,Christopher,Jefferson,1999-07-03,109.309.1441,christopher.jefferson@example.com,2020-09-10 12:56
512,David,Evans,1985-02-20,(441) 795-7461,david.evans@example.com,2022-09-17 02:51
513,Linda,Reeves,2001-08-13,+17609732798,linda.reeves@example.com,2021-03-29 18:13
514,Michael,Blake,2002-08-23,+18685877656,michael.blake@example.com,2024-01-07 20:47
515,Sandra,Vaughn,2005-05-19,393-301-3750,sandra.vaughn@example.com,2023-12-28 11:23
516,Heather,Freeman,1949-04-17,(913) 144-9932,heather.freeman@example.com,2020-09-03 03:30
517,Mary,Ross,1948-12-04,,mary.ross@example.com,2021-11-01 00:22
518,Lori,Mccoy,1981-03-14,027.302.7408,lori.mccoy@example.com,2020-12-11 10:41
519,Shelby,Michael,1951-10-18,078-605-8018,shelby.michael@example.com,2022-07-24 15:27
520,Adrian,Walter,1962-09-27,407-978-1854,adrian.walter@example.com,2023-07-28 08:27
521,Judith,Ware,1958-12-02,271.009.6031,judith.ware@example.com,2020-07-14 03:14
522,Alexandria,Johnson,1949-08-03,874.854.3429,alexandria.johnson@example.com,2025-01-28 00:05
523,Joshua,Douglas,2016-04-25,009-896-5896,joshua.douglas@example.com,2021-03-22 01:51
524,Brandon,Moreno,1983-11-27,(015) 269-1288,brandon.moreno@example.com,2025-03-25 03:31
525,Bradley,Townsend,1958-01-16,244.967.9572,bradley.townsend@example.com,2021-08-04 23:08
526,Shannon,Bowers,1946-05-13,(019) 159-6453,shannon.bowers@example.com,2024-06-14 09:50
527,Renee,Walker,1950-05-27,(691) 542-6380,renee.walker@example.com,2024-06-22 09:50
528,Tammie,Jones,1998-07-25,(934) 462-4771,tammie.jones@example.com,2023-04-28 02:20
529,Shawn,Fox,2014-08-26,(921) 054-1205,shawn.fox@example.com,2025-05-28 23:02
530,Dennis,Juarez,2014-01-17,+16441759912,dennis.juarez@example.com,2022-02-27 01:32
531,Debbie,Jacobson,2001-01-01,+19283335295,debbie.jacobson@example.com,2020-07-28 21:36
532,Rachel,Hayes,1985-05-27,(853) 098-2087,rachel.hayes@example.com,2024-12-12 21:51
533,Sandra,White,2019-09-24,+15690927612,sandra.white@example.com,2021-02-18 11:44
534,Ian,Huffman,1996-06-24,,ian.huffman@example.com,2024-08-23 09:44
535,Matthew,Davis,1968-07-31,197-255-0345,matthew.davis@example.com,2023-12-14 12:47
536,Stacey,Gonzalez,2018-11-20,887.509.4843,stacey.gonzalez@example.com,2025-05-16 17:38
537,Zachary,Cooke,1955-08-29,027-529-9254,zachary.cooke@example.com,2020-07-15 01:07
538,Kim,Smith,1993-08-10,440.099.6651,kim.smith@example.com,2020-04-24 21:42
539,Andrea,Hernandez,2015-05-31,(417) 852-1884,andrea.hernandez@example.com,2021-09-11 17:32
540,Beverly,Martin,1950-01-29,+15335122974,beverly.martin@example.com,2022-08-21 08:56
541,Michelle,Boyd,2011-08-11,212.070.4315,michelle.boyd@example.com,2022-02-26 00:26
542,Sherri,Brown,1934-06-29,,sherri.brown@example.com,2021-08-16 17:42
543,Regina,Campbell,2017-09-04,(832) 226-4009,regina.campbell@example.com,2022-10-28 06:05
544,Dustin,Perkins,2013-04-22,+19062293013,dustin.perkins@example.com,2023-09-19 13:27
545,Laura,Rodriguez,1992-03-08,437.587.8221,laura.rodriguez@example.com,2023-04-16 06:19
546,Ashley,Johnson,1944-06-14,601-873-1175,ashley.johnson@example.com,2024-03-21 15:35
547,Lindsey,Martin,1935-07-27,+17063926421,lindsey.martin@example.com,2024-06-01 08:00
548,Jeffrey,Chavez,1970-01-30,(666) 139-7427,jeffrey.chavez@example.com,2023-08-11 20:59
549,Blake,Foster,2019-03-07,,blake.foster@example.com,2025-02-14 18:10
550,Elizabeth,Carpenter,1993-07-24,117-497-5975,elizabeth.carpenter@example.com,2024-08-21 17:31
551,Christopher,Howard,1951-03-17,(172) 786-5034,christopher.howard@example.com,2020-09-05 18:22
552,Ariel,Farrell,1950-06-26,+17270108032,ariel.farrell@example.com,2022-08-10 05:59
553,Alexander,Atkinson,1950-05-03,239.159.0909,alexander.atkinson@example.com,2021-06-01 17:56
554,Megan,White,2014-04-29,+18674823070,megan.white@example.com,2023-10-21 04:24
555,Jennifer,Le,1938-10-22,,jennifer.le@example.com,2022-12-31 08:43
556,Courtney,Green,2001-11-20,650.021.8093,courtney.green@example.com,2022-05-03 00:19
557,Kristy,Brown,2023-07-19,(075) 330-8763,kristy.brown@example.com,2020-08-21 03:28
558,Thomas,Chan,1969-09-25,090.245.7702,thomas.chan@example.com,2023-02-02 18:26
559,Desiree,Mann,2014-11-25,940-355-3800,desiree.mann@example.com,2020-04-06 18:00
560,April,Perez,1991-01-11,723.389.3668,april.perez@example.com,2020-04-18 02:47
561,Jonathan,Francis,1971-12-25,615-548-9671,jonathan.francis@example.com,2023-02-12 03:25
562,Pamela,Morrow,2009-11-27,(036) 807-1510,pamela.morrow@example.com,2025-02-22 23:08
563,Daniel,Johnson,1979-06-11,701.406.9621,daniel.johnson@example.com,2023-02-26 13:07
564,Debbie,Castaneda,1980-06-20,(527) 416-2260,debbie.castaneda@example.com,2024-11-18 02:42
565,Kimberly,Stanley,2001-03-06,+17246454896,kimberly.stanley@example.com,2023-05-21 15:34
566,Maria,Lee,1940-05-05,+11845406643,maria.lee@example.com,2022-02-14 12:23
567,Philip,Fisher,1996-09-12,(759) 317-0789,philip.fisher@example.com,2021-08-01 00:44
568,Casey,Mcguire,1988-10-29,843.873.8147,casey.mcguire@example.com,2024-10-11 01:21
569,Nathan,Moore,1937-08-08,+11021408664,nathan.moore@example.com,2023-10-18 12:32
570,Krystal,Henderson,2008-04-29,+18844036166,krystal.henderson@example.com,2024-03-06 02:32
571,Audrey,Collins,1992-04-12,213-736-7620,audrey.collins@example.com,2020-08-18 01:43
572,Norman,Duncan,1981-08-04,904.519.4174,norman.duncan@example.com,2020-09-29 18:09
573,Darrell,Cruz,2002-01-19,+17053598747,darrell.cruz@example.com,2022-12-15 09:54
574,Heather,Morton,1985-08-12,+10003864628,heather.morton@example.com,2022-07-20 22:23
575,Bridget,Burke,1978-04-25,287-117-2194,bridget.burke@example.com,2023-01-28 02:48
576,Dawn,Duran,1977-06-17,(909) 411-4665,dawn.duran@example.com,2021-09-16 10:10
577,Cassandra,Hoffman,2000-07-17,393-275-5393,cassandra.hoffman@example.com,2024-03-14 20:56
578,Alexandria,Barker,1984-05-04,,alexandria.barker@example.com,2024-09-17 06:49
579,Elizabeth,Green,1954-06-28,675.106.7974,elizabeth.green@example.com,2024-09-09 21:46
580,Emily,Washington,1957-01-18,(606) 428-7916,emily.washington@example.com,2020-07-23 06:32
581,Stephanie,Meyers,1963-12-06,755.406.8476,stephanie.meyers@example.com,2024-06-21 06:42
582,Stacy,Sutton,1946-01-18,031.179.4485,stacy.sutton@example.com,2024-11-21 03:41
583,William,King,1998-06-24,,william.king@example.com,2022-09-11 23:17
584,Christopher,Taylor,2002-03-27,484.696.0071,christopher.taylor@example.com,2023-12-18 07:02
585,Amy,George,1972-11-18,+17723034340,amy.george@example.com,2021-02-02 17:19
586,Debra,Adams,2005-07-17,633-236-3965,debra.adams@example.com,2021-02-04 21:23
587,Devin,Christian,2016-02-10,(964) 657-7675,devin.christian@example.com,2021-01-20 18:07
588,Sarah,Foster,1990-09-22,+19457836449,sarah.foster@example.com,2021-05-26 13:43
589,Victor,Waters,2004-01-27,735-016-9121,victor.waters@example.com,2022-12-11 01:21
590,Taylor,Banks,1967-10-28,+10990593638,taylor.banks@example.com,2020-09-02 00:13
591,Desiree,Kent,2004-08-13,+14632635264,desiree.kent@example.com,2021-01-23 21:22
592,Linda,Yates,2020-10-22,(830) 515-5648,linda.yates@example.com,2024-04-10 10:34
593,Nicole,Johnson,1996-03-04,963-663-9104,nicole.johnson@example.com,2021-06-15 21:38
594,Katie,Christensen,2022-04-11,+19739396249,katie.christensen@example.com,2024-10-17 02:24
595,Jesus,Burns,2013-06-17,,jesus.burns@example.com,2020-03-29 03:40
596,Mackenzie,Lawson,1979-02-18,,mackenzie.lawson@example.com,2024-11-26 23:10
597,Devin,Moore,1952-05-13,161-851-6880,devin.moore@example.com,2024-11-12 13:38
598,Michael,Price,1958-10-30,(796) 885-6773,michael.price@example.com,2024-03-27 08:24
599,Amanda,Hurst,2022-10-16,+14194628858,amanda.hurst@example.com,2022-07-27 13:46
600,Alexandria,Lee,1972-08-11,248.705.6001,alexandria.lee@example.com,2022-07-13 02:16
601,Tonya,Harrington,2000-11-14,(213) 871-4253,tonya.harrington@example.com,2021-05-06 03:19
602,Jay,Garcia,1985-06-25,246.039.2346,jay.garcia@example.com,2023-12-13 23:19
603,Jonathan,Mcguire,1958-12-31,574-737-2892,jonathan.mcguire@example.com,2022-08-29 03:50
604,Michael,Bates,1979-05-19,+11053248581,michael.bates@example.com,2022-12-09 00:41
605,Ryan,Dennis,2022-12-05,022-637-2822,ryan.dennis@example.com,2023-02-25 05:28
606,Vanessa,Park,1939-08-26,(841) 374-9919,vanessa.park@example.com,2022-09-18 11:00
607,Frank,Clark,2016-02-25,(950) 518-8959,frank.clark@example.com,2022-04-11 00:08
608,Eric,Lewis,1957-12-11,047-577-4530,eric.lewis@example.com,2020-10-27 18:48
609,Emily,Sandoval,1959-08-06,,emily.sandoval@example.com,2023-04-08 12:17
610,Steven,Ross,1981-06-24,537.961.4644,steven.ross@example.com,2022-02-10 08:22
611,Justin,Martinez,2015-07-27,567-160-3867,justin.martinez@example.com,2022-10-14 07:23
612,Juan,Obrien,2009-08-29,+17716009631,juan.obrien@example.com,2021-08-12 19:03
613,Traci,Perez,1978-08-28,573.143.9971,traci.perez@example.com,2024-05-18 04:39
614,Patty,Mccall,1947-03-16,+11620549080,patty.mccall@example.com,2024-03-25 06:36
615,Mary,Fields,1936-12-06,,mary.fields@example.com,2023-05-06 18:15
616,Leslie,Barker,2022-07-17,754-167-2186,leslie.barker@example.com,2021-10-30 10:19
617,Amy,Mathis,1938-11-29,(991) 278-8360,amy.mathis@example.com,2020-06-06 00:33
618,Fernando,Miles,2007-01-01,717.252.3992,fernando.miles@example.com,2022-06-06 18:56
619,Angela,Carter,1937-03-13,(192) 193-2105,angela.carter@example.com,2023-08-31 20:18
620,Brandon,Acevedo,1938-07-06,+16959765914,brandon.acevedo@example.com,2023-02-10 10:21
621,Stephanie,Martinez,1978-08-10,+15845078977,stephanie.martinez@example.com,2020-05-20 13:31
622,Derek,Clements,1944-03-04,110-688-2077,derek.clements@example.com,2023-01-31 07:43
623,Audrey,Graves,1961-12-08,(177) 507-3557,audrey.graves@example.com,2023-04-15 08:15
624,Lydia,Robinson,1982-03-10,+10614919855,lydia.robinson@example.com,2025-04-20 08:15
625,Tina,Ray,1994-05-01,(435) 350-7712,tina.ray@example.com,2021-02-03 17:50
626,Kerri,Ryan,1987-11-08,311.013.8570,kerri.ryan@example.com,2023-03-05 11:41
627,Lindsey,Lee,1957-11-19,+14679958161,lindsey.lee@example.com,2024-09-29 02:57
628,Matthew,Bell,2013-09-22,600-693-1128,matthew.bell@example.com,2021-09-10 10:49
629,Robert,Mendez,1935-01-26,185.198.2896,robert.mendez@example.com,2024-04-02 16:30
630,Jesse,Terry,1998-04-17,,jesse.terry@example.com,2020-04-30 21:38
631,Barbara,Carter,1943-04-06,+15190437239,barbara.carter@example.com,2024-01-11 20:55
632,Heather,Cooper,1940-05-28,799-141-8925,heather.cooper@example.com,2025-02-26 14:03
633,Kelsey,Stephens,1980-12-07,340-971-2942,kelsey.stephens@example.com,2022-10-15 22:54
634,Gerald,Sexton,2005-11-20,+19231364589,gerald.sexton@example.com,2021-05-19 21:01
635,Rachael,Flores,1952-04-29,+14422491979,rachael.flores@example.com,2025-01-18 15:19
636,Samantha,Taylor,1940-05-12,573.620.7049,samantha.taylor@example.com,2024-10-14 22:40
637,Anne,Johnson,1989-06-27,(027) 536-6436,anne.johnson@example.com,2023-02-18 10:44
638,Danielle,Frost,2010-02-22,(507) 320-5509,danielle.frost@example.com,2023-07-18 03:29
639,Cesar,Russell,2008-05-18,(055) 038-5052,cesar.russell@example.com,2025-01-28 12:48
640,Tina,Dixon,1946-09-18,729-120-7504,tina.dixon@example.com,2020-06-08 13:19
641,Laura,Heath,1956-09-04,541-104-0526,laura.heath@example.com,2024-06-16 17:35
642,Jacqueline,Parker,1940-04-25,246.619.7698,jacqueline.parker@example.com,2021-04-04 02:57
643,Kayla,Turner,1945-04-24,228-906-8057,kayla.turner@example.com,2020-04-08 02:04
644,Kathy,Spence,1960-05-25,(026) 360-1271,kathy.spence@example.com,2021-08-15 17:54
645,Sheryl,Reyes,2003-06-10,,sheryl.reyes@example.com,2022-09-01 14:36
646,Monica,Wilson,1980-11-11,959.792.8927,monica.wilson@example.com,2021-09-25 11:15
647,Jared,Glass,2018-05-08,492.063.3710,jared.glass@example.com,2020-07-12 12:01
648,Edward,Lee,1988-12-18,335-547-7592,edward.lee@example.com,2024-10-08 14:44
649,Megan,Perez,1977-06-24,325.735.7077,megan.perez@example.com,2024-06-20 14:24
650,Justin,Palmer,1950-05-17,829-834-1819,justin.palmer@example.com,2023-11-29 02:59
651,Patrick,Caldwell,1950-07-21,+14518394285,patrick.caldwell@example.com,2024-08-24 05:05
652,Derrick,Smith,1961-06-23,+13033782378,derrick.smith@example.com,2025-03-10 10:36
653,Mark,Buchanan,1974-04-23,491-487-1260,mark.buchanan@example.com,2022-05-16 20:13
654,Mike,Kim,2016-12-17,937-365-6366,mike.kim@example.com,2022-07-13 15:45
655,Alicia,Gonzalez,1960-04-04,430-862-3190,alicia.gonzalez@example.com,2024-02-28 06:42
656,George,Craig,1968-08-12,+16418652200,george.craig@example.com,2024-10-07 08:59
657,Kevin,Warren,1970-04-29,+11293512966,kevin.warren@example.com,2022-06-13 03:07
658,Edward,Hutchinson,1956-12-06,856.516.9410,edward.hutchinson@example.com,2023-05-10 18:28
659,Misty,Hall,1947-07-20,635-082-5417,misty.hall@example.com,2022-06-21 09:43
660,Austin,Kennedy,1937-09-25,,austin.kennedy@example.com,2020-09-02 12:51
661,Glenn,Barnett,1962-05-17,372.257.8673,glenn.barnett@example.com,2022-03-07 17:50
662,Gregory,Fitzgerald,1981-05-18,429-303-4344,gregory.fitzgerald@example.com,2021-09-19 19:16
663,Melissa,Kennedy,1978-11-29,+15398836791,melissa.kennedy@example.com,2024-10-12 03:06
664,Michael,Miller,2004-12-03,825-313-0292,michael.miller@example.com,2020-12-05 08:31
665,Eugene,Booker,2005-09-19,560-959-7447,eugene.booker@example.com,2022-01-23 06:58
666,Kyle,Richardson,1986-11-22,,kyle.richardson@example.com,2024-07-07 21:19
667,Trevor,Howell,2015-09-21,854-135-8518,trevor.howell@example.com,2020-06-12 02:01
668,Jennifer,Mcfarland,2005-03-07,+19572895719,jennifer.mcfarland@example.com,2024-01-07 16:59
669,Kimberly,Vasquez,2021-09-23,371-279-3451,kimberly.vasquez@example.com,2020-01-17 02:21
670,Kimberly,Wilson,1965-12-03,263-191-1949,kimberly.wilson@example.com,2023-06-18 05:13
671,Jon,Price,1957-01-08,244.077.2935,jon.price@example.com,2024-01-23 09:08
672,Natalie,Hodge,1988-07-06,+13980560900,natalie.hodge@example.com,2022-09-24 19:59
673,Ian,Moore,1991-08-12,(272) 785-7223,ian.moore@example.com,2020-10-04 22:40
674,Heidi,Armstrong,1945-06-16,417-937-1745,heidi.armstrong@example.com,2024-07-20 15:50
675,Mark,Hale,1949-05-20,(984) 860-0578,mark.hale@example.com,2021-06-27 21:46
676,Stephanie,Cooke,1941-01-04,055-653-4664,stephanie.cooke@example.com,2020-04-22 21:41
677,James,Barnes,2019-02-14,777.224.2315,james.barnes@example.com,2024-03-19 02:30
678,Linda,Morales,1958-10-15,+11419172611,linda.morales@example.com,2020-04-26 09:40
679,Kelsey,Gibbs,1966-08-10,,kelsey.gibbs@example.com,2024-10-30 14:18
680,Brandy,Williams,1957-12-07,+12132714949,brandy.williams@example.com,2022-06-03 02:27
681,Shawn,Dalton,2012-08-01,488.393.7867,shawn.dalton@example.com,2021-02-20 22:40
682,Sean,Kelly,1952-07-21,568.209.6810,sean.kelly@example.com,2022-04-27 16:12
683,Cynthia,Buchanan,1969-01-29,(505) 003-8898,cynthia.buchanan@example.com,2022-10-24 09:35
684,Joanna,Fowler,1983-09-03,650.814.2611,joanna.fowler@example.com,2022-03-10 07:03
685,Vanessa,Obrien,2020-05-24,(655) 148-9727,vanessa.obrien@example.com,2022-11-13 08:54
686,Ashley,Stokes,1944-10-26,210-933-8196,ashley.stokes@example.com,2021-06-29 05:50
687,Michelle,Velazquez,1954-03-12,833.282.8587,michelle.velazquez@example.com,2023-08-21 19:51
688,Brenda,Andrews,1965-08-25,(150) 269-6158,brenda.andrews@example.com,2023-05-30 08:17
689,Stephen,Powell,1969-04-04,384-294-3559,stephen.powell@example.com,2021-03-12 20:46
690,Pamela,Cole,1983-10-24,717-599-9680,pamela.cole@example.com,2020-01-22 05:17
691,Melanie,Andrade,1953-08-17,877-466-4780,melanie.andrade@example.com,2023-10-19 23:00
692,Jason,Gibson,2003-06-13,+12962106584,jason.gibson@example.com,2022-07-27 02:42
693,Philip,Kennedy,1983-08-09,(480) 787-1098,philip.kennedy@example.com,2022-03-23 14:48
694,Christy,Boyd,1978-04-30,963-457-4673,christy.boyd@example.com,2020-07-12 00:19
695,Kayla,Walker,1975-02-23,640.238.9150,kayla.walker@example.com,2022-08-11 05:08
696,Laura,Coleman,1961-10-02,+11431589980,laura.coleman@example.com,2020-12-30 19:09
697,Taylor,Rogers,1943-09-30,+11823005507,taylor.rogers@example.com,2023-02-15 22:03
698,Alexander,Ochoa,2005-11-02,398-765-0094,alexander.ochoa@example.com,2021-02-18 23:36
699,Tyler,Hernandez,1959-02-11,350.860.2937,tyler.hernandez@example.com,2025-02-24 23:10
700,Christopher,Rich,1996-03-06,936.665.8572,christopher.rich@example.com,2024-07-28 00:13
701,Sandra,Mendez,2007-10-16,063-611-0058,sandra.mendez@example.com,2022-02-07 20:21
702,Joan,Landry,1963-05-15,(808) 536-6163,joan.landry@example.com,2024-06-20 16:36
703,Joseph,Booth,1999-01-11,+15885505637,joseph.booth@example.com,2020-08-30 15:45
704,Lisa,Howe,1984-01-17,(956) 959-5431,lisa.howe@example.com,2020-07-10 21:00
705,Donald,Green,1959-08-26,720-675-7170,donald.green@example.com,2024-11-14 07:43
706,Robert,Jackson,1989-11-24,399-250-7659,robert.jackson@example.com,2022-10-16 10:13
707,Melissa,Sanchez,1975-07-05,461.036.8212,melissa.sanchez@example.com,2020-12-27 03:29
708,Joshua,Rogers,2001-12-18,789.486.4094,joshua.rogers@example.com,2020-10-09 13:06
709,Colleen,Smith,1955-02-02,368.308.6215,colleen.smith@example.com,2020-06-21 20:30
710,Mark,Stark,1975-03-29,554.424.6737,mark.stark@example.com,2023-11-20 05:21
711,Joshua,Carter,1981-05-07,954.464.5642,joshua.carter@example.com,2022-08-15 10:47
712,Matthew,Rodriguez,2015-12-02,210.035.9695,matthew.rodriguez@example.com,2022-03-01 13:42
713,Katherine,Jacobson,1945-07-19,567-067-2417,katherine.jacobson@example.com,2024-12-01 18:00
714,Gary,Smith,2014-04-29,,gary.smith@example.com,2023-08-09 09:10
715,Maxwell,Ross,1961-03-04,(946) 465-0809,maxwell.ross@example.com,2024-08-08 08:04
716,Timothy,Howell,1991-11-30,(280) 289-2504,timothy.howell@example.com,2024-01-06 16:10
717,Samuel,Torres,1954-09-17,,samuel.torres@example.com,2023-06-24 07:19
718,Michael,Martin,2002-07-07,323-809-8890,michael.martin@example.com,2023-07-30 00:27
719,Samantha,Allen,2019-12-06,431.789.8021,samantha.allen@example.com,2023-10-25 13:21
720,Brett,Fowler,1939-10-31,186.790.4114,brett.fowler@example.com,2023-03-13 02:09
721,Shaun,Montgomery,1973-09-09,,shaun.montgomery@example.com,2024-08-02 13:08
722,Michelle,Vazquez,2010-07-03,+18054127093,michelle.vazquez@example.com,2021-01-03 13:55
723,Luis,Campbell,2012-07-03,958.582.3081,luis.campbell@example.com,2024-07-01 01:21
724,Cynthia,Good,1948-07-03,362-720-9165,cynthia.good@example.com,2020-01-11 18:59
725,Elizabeth,Jones,1995-08-28,+12790522098,elizabeth.jones@example.com,2023-12-09 12:04
726,Heather,Benson,1979-12-09,700.120.4857,heather.benson@example.com,2024-07-10 15:50
727,David,Berry,1976-10-12,270-309-4780,david.berry@example.com,2022-02-07 23:50
728,Christopher,Jones,1944-05-14,505-625-2074,christopher.jones@example.com,2022-05-06 09:56
729,Rachel,Jordan,1991-03-21,(946) 879-5937,rachel.jordan@example.com,2020-04-10 02:17
730,Karina,Henry,2009-04-18,199.440.5718,karina.henry@example.com,2025-03-25 11:59
731,Brandon,Sanders,1951-09-19,(269) 019-8088,brandon.sanders@example.com,2022-01-17 17:22
732,Virginia,Bruce,1949-09-22,(521) 049-0422,virginia.bruce@example.com,2025-01-19 07:41
733,Donald,Hawkins,1940-10-11,,donald.hawkins@example.com,2025-01-31 06:04
734,Cameron,Gordon,1971-08-10,(114) 230-5472,cameron.gordon@example.com,2022-01-30 08:42
735,Justin,Martinez,1979-02-26,120.351.3868,justin.martinez@example.com,2023-09-25 19:26
736,Rachel,Valenzuela,1965-04-09,037-188-8634,rachel.valenzuela@example.com,2020-06-24 08:46
737,Stacey,Joyce,2013-05-11,+11500637667,stacey.joyce@example.com,2021-12-28 12:20
738,Christopher,Hampton,2005-01-29,+15853401983,christopher.hampton@example.com,2024-11-29 03:38
739,Lori,Goodman,1950-09-28,+12626426459,lori.goodman@example.com,2022-01-06 00:50
740,Anthony,Griffin,2018-07-14,623-208-1333,anthony.griffin@example.com,2024-06-07 11:17
741,Katherine,Wiley,2022-09-17,+11522830985,katherine.wiley@example.com,2022-05-04 20:57
742,Haley,Gutierrez,1966-10-09,,haley.gutierrez@example.com,2025-01-12 05:53
743,Shelly,Roth,1937-05-26,045-770-8643,shelly.roth@example.com,2025-04-28 21:25
744,Charlotte,Fisher,1963-09-29,272.150.0800,charlotte.fisher@example.com,2020-05-25 15:55
745,Michael,Suarez,2003-05-31,667.900.6671,michael.suarez@example.com,2024-06-17 10:48
746,Laura,Buchanan,1990-02-23,966.948.8416,laura.buchanan@example.com,2023-06-22 10:00
747,William,Mcdonald,1984-09-09,976.928.7917,william.mcdonald@example.com,2021-07-25 07:00
748,Elizabeth,Martin,1941-06-27,460.620.0713,elizabeth.martin@example.com,2022-01-18 15:53
749,Brianna,Gibson,1954-09-18,+16509542326,brianna.gibson@example.com,2021-03-24 11:38
750,Janice,Thompson,1937-12-25,(144) 489-1004,janice.thompson@example.com,2024-10-13 06:32
751,Jennifer,Phillips,1952-09-05,111.938.2209,jennifer.phillips@example.com,2024-09-27 10:18
752,Rachel,Landry,1956-11-12,864.657.2380,rachel.landry@example.com,2022-01-24 12:50
753,Joseph,Hernandez,2016-05-22,+19085512876,joseph.hernandez@example.com,2020-09-02 15:55
754,James,Martin,2012-03-31,+17567996021,james.martin@example.com,2020-10-14 06:36
755,Sean,Kent,2021-12-04,199-861-6297,sean.kent@example.com,2020-06-09 02:50
756,Dawn,Bean,2004-11-24,(523) 984-8779,dawn.bean@example.com,2020-08-14 03:11
757,Abigail,King,1940-08-13,579-292-1696,abigail.king@example.com,2024-01-29 10:13
758,Teresa,Mason,2017-08-22,+11463984408,teresa.mason@example.com,2022-07-30 23:20
759,Raymond,Perez,2005-07-06,(559) 162-3137,raymond.perez@example.com,2021-10-20 01:31
760,Richard,Phelps,2005-10-16,(105) 478-1742,richard.phelps@example.com,2024-01-27 22:55
761,Jillian,Russell,2011-10-31,515-687-9084,jillian.russell@example.com,2023-05-17 07:01
762,Johnny,Powell,1985-06-15,+13775058381,johnny.powell@example.com,2022-05-29 10:25
763,Michael,Flynn,1957-09-20,+11138636259,michael.flynn@example.com,2022-08-16 05:37
764,Amy,Clark,1981-06-22,841.401.9803,amy.clark@example.com,2023-12-18 19:46
765,Jennifer,Smith,2007-01-12,,jennifer.smith@example.com,2023-12-29 15:44
766,Lisa,Harris,1938-03-25,+16660307509,lisa.harris@example.com,2021-09-23 02:17
767,Edwin,Robbins,1953-07-09,977.654.5007,edwin.robbins@example.com,2020-05-22 00:47
768,Alicia,Yoder,1964-11-06,248-911-8044,alicia.yoder@example.com,2021-03-29 08:47
769,Elizabeth,Thomas,1988-02-22,,elizabeth.thomas@example.com,2024-09-15 01:54
770,Timothy,Bush,2021-05-12,028.795.9188,timothy.bush@example.com,2022-07-06 03:07
771,Rick,Fritz,1937-09-30,+17333824301,rick.fritz@example.com,2021-12-15 15:25
772,Dylan,Conley,1946-12-18,355-311-3508,dylan.conley@example.com,2024-03-31 06:37
773,Kaitlin,Murphy,1983-11-29,+12543726180,kaitlin.murphy@example.com,2022-03-10 11:40
774,Katherine,Vaughn,2012-05-30,674.333.2130,katherine.vaughn@example.com,2024-03-04 05:27
775,Elizabeth,Cunningham,1981-01-23,+12732529320,elizabeth.cunningham@example.com,2021-06-09 21:21
776,Samantha,Gilbert,1982-09-16,552.573.7991,samantha.gilbert@example.com,2021-07-25 19:35
777,Samantha,Parks,2006-06-30,(449) 538-7420,samantha.parks@example.com,2024-06-15 20:07
778,Danielle,Stevens,1987-09-08,,danielle.stevens@example.com,2020-08-18 22:28
779,Amy,Freeman,2012-05-25,(005) 608-6118,amy.freeman@example.com,2020-01-20 20:00
780,Adam,Mitchell,1941-11-04,911-985-4405,adam.mitchell@example.com,2020-07-30 04:03
781,Mark,Williams,1941-03-20,(968) 126-0214,mark.williams@example.com,2021-11-10 12:55
782,John,Mccoy,1983-05-23,+17333374356,john.mccoy@example.com,2020-07-06 19:29
783,Michelle,Duran,1944-09-28,654.340.5516,michelle.duran@example.com,2024-02-24 17:03
784,Beverly,Jenkins,1988-01-03,,beverly.jenkins@example.com,2024-07-11 12:38
785,Lonnie,Petersen,1996-10-29,(011) 419-3266,lonnie.petersen@example.com,2020-02-21 23:11
786,Robert,Foster,1985-07-28,+17738513785,robert.foster@example.com,2024-07-22 11:31
787,Timothy,Santiago,1957-01-08,(349) 386-3487,timothy.santiago@example.com,2024-04-09 07:56
788,Jessica,Crawford,1940-10-24,160.444.7156,jessica.crawford@example.com,2021-07-10 23:06
789,Sarah,Gutierrez,1972-10-16,(037) 815-6484,sarah.gutierrez@example.com,2024-06-17 05:00
790,John,Kennedy,1990-01-24,192-754-8141,john.kennedy@example.com,2025-04-09 14:12
791,Kyle,Russell,1944-08-21,+11916225227,kyle.russell@example.com,2022-04-10 13:10
792,Matthew,Davis,1955-06-05,(959) 017-8624,matthew.davis@example.com,2023-03-05 00:44
793,Randy,Edwards,1960-01-12,993.743.9248,randy.edwards@example.com,2024-10-21 09:36
794,Courtney,Rowe,2024-02-06,447-788-8372,courtney.rowe@example.com,2022-07-20 23:43
795,Christian,Leon,1972-05-01,(498) 858-9410,christian.leon@example.com,2020-04-08 10:34
796,Aaron,Hebert,2020-11-11,,aaron.hebert@example.com,2023-03-24 07:58
797,Lauren,Henderson,2012-04-16,759.281.8221,lauren.henderson@example.com,2020-06-23 08:13
798,Dennis,Perez,2010-12-08,515-021-5884,dennis.perez@example.com,2020-09-13 21:31
799,Jason,George,2020-02-21,973.045.1517,jason.george@example.com,2022-10-26 05:19
800,Dustin,Rodriguez,1935-10-19,(903) 630-8913,dustin.rodriguez@example.com,2024-06-28 22:24
801,Tammie,Roberts,1969-10-30,966-589-3505,tammie.roberts@example.com,2021-10-18 20:23
802,Robert,Dunn,2005-05-23,241.292.8161,robert.dunn@example.com,2022-04-22 06:18
803,Brian,Fisher,1986-09-26,,brian.fisher@example.com,2020-08-18 23:47
804,Veronica,Davidson,1957-08-17,+18839253772,veronica.davidson@example.com,2024-08-14 03:18
805,Sarah,Gill,1945-09-06,(075) 377-8665,sarah.gill@example.com,2021-07-11 05:38
806,David,Santos,1964-03-16,+12348506210,david.santos@example.com,2020-02-18 15:33
807,Heidi,Rodriguez,1998-04-03,380-145-4046,heidi.rodriguez@example.com,2023-05-22 11:06
808,Michelle,Soto,1958-12-12,+19964711717,michelle.soto@example.com,2021-05-19 17:10
809,Charles,Cordova,1979-09-03,896.400.8106,charles.cordova@example.com,2024-08-06 11:15
810,Melissa,Ramirez,1963-04-24,639-704-0826,melissa.ramirez@example.com,2020-08-31 15:59
811,Keith,Bates,1937-07-28,+12060123291,keith.bates@example.com,2020-06-15 19:53
812,Michael,Shaw,1938-07-16,,michael.shaw@example.com,2021-12-22 05:54
813,Kelly,Diaz,1959-10-28,+17050174596,kelly.diaz@example.com,2025-02-23 04:39
814,Michael,Baker,1992-12-05,929.706.8609,michael.baker@example.com,2022-10-11 00:24
815,Daniel,Davis,1956-06-06,,daniel.davis@example.com,2022-04-29 04:44
816,Michael,Ramirez,2001-07-24,554.823.7617,michael.ramirez@example.com,2024-03-04 06:02
817,James,Hodges,1991-01-13,340.330.9895,james.hodges@example.com,2023-09-03 16:55
818,Victoria,Smith,1964-09-09,057.960.7119,victoria.smith@example.com,2020-09-23 05:48
819,Joshua,Lee,2001-07-21,+14264716298,joshua.lee@example.com,2022-02-04 16:37
820,Michelle,Villa,1985-08-29,(935) 883-9127,michelle.villa@example.com,2022-04-12 13:26
821,Ashley,Ferguson,1955-06-30,846-847-0197,ashley.ferguson@example.com,2023-04-25 12:19
822,Laura,Perry,1986-10-24,(924) 380-2612,laura.perry@example.com,2020-10-11 08:15
823,Tammy,Huerta,2005-11-26,,tammy.huerta@example.com,2022-08-15 18:05
824,Travis,Rodriguez,1978-09-29,+19834471448,travis.rodriguez@example.com,2020-11-13 14:55
825,Jonathan,Lee,1953-07-25,835-334-3253,jonathan.lee@example.com,2023-09-01 00:09
826,Sharon,Green,1969-09-29,235.032.7722,sharon.green@example.com,2020-11-16 22:04
827,Micheal,Elliott,2018-05-25,,micheal.elliott@example.com,2023-01-04 13:45
828,Christina,Hernandez,1939-05-07,+12289731726,christina.hernandez@example.com,2023-04-11 21:25
829,Richard,Oneill,1980-09-24,,richard.oneill@example.com,2023-07-09 15:54
830,Nathaniel,Oneal,1988-11-23,(960) 700-1460,nathaniel.oneal@example.com,2024-10-04 10:04
831,Charles,Nguyen,1973-10-26,489-442-2391,charles.nguyen@example.com,2024-11-12 00:27
832,Gary,Schmidt,2007-07-26,312.102.7303,gary.schmidt@example.com,2021-06-10 14:57
833,Rebecca,Estes,2001-06-23,+16716954034,rebecca.estes@example.com,2022-04-13 21:51
834,Tonya,Roberts,1935-12-17,(226) 823-2962,tonya.roberts@example.com,2021-06-03 11:53
835,Katie,Jackson,2011-06-17,174.057.2842,katie.jackson@example.com,2022-07-20 07:08
836,Barbara,Hernandez,1991-06-03,(012) 497-4489,barbara.hernandez@example.com,2023-01-26 23:25
837,Wayne,Smith,2005-04-01,758-613-5037,wayne.smith@example.com,2025-04-25 21:53
838,Zachary,Cochran,1987-03-15,866-900-1070,zachary.cochran@example.com,2023-11-23 12:38
839,Lindsey,Brown,1994-08-12,+17243994289,lindsey.brown@example.com,2020-01-22 00:36
840,Linda,Lester,1984-04-01,+10584122500,linda.lester@example.com,2025-04-10 20:52
841,Kent,Caldwell,1950-09-29,+18126990654,kent.caldwell@example.com,2023-09-29 17:24
842,Ashley,Blanchard,1994-03-13,660-430-8161,ashley.blanchard@example.com,2022-07-22 10:04
843,Joshua,Wright,1943-04-09,847-020-7657,joshua.wright@example.com,2024-01-28 05:33
844,Aaron,Farmer,1945-07-19,439.228.1818,aaron.farmer@example.com,2022-09-18 12:37
845,Tracy,Jenkins,2013-02-13,304.643.0581,tracy.jenkins@example.com,2024-11-24 04:40
846,Savannah,Chavez,1939-03-19,+18970815351,savannah.chavez@example.com,2023-03-14 08:42
847,Rebecca,Payne,1988-03-05,463.466.7858,rebecca.payne@example.com,2023-02-08 01:31
848,Rachel,Newton,1996-07-07,951-081-3764,rachel.newton@example.com,2025-01-13 23:38
849,Keith,Hodges,1963-10-17,426-030-9852,keith.hodges@example.com,2024-09-05 02:21
850,Robert,Armstrong,1973-02-16,,robert.armstrong@example.com,2023-12-05 05:02
851,Catherine,Woods,1945-11-04,559-426-3685,catherine.woods@example.com,2023-09-24 05:34
852,Mary,Ho,2002-05-18,(651) 725-0354,mary.ho@example.com,2023-06-25 03:48
853,Nathan,Burns,1979-05-14,651-698-9544,nathan.burns@example.com,2025-05-21 16:57
854,Elijah,Young,1963-09-08,+19792876452,elijah.young@example.com,2021-04-23 21:45
855,Nicholas,Turner,1976-10-16,854.026.9190,nicholas.turner@example.com,2020-08-17 19:14
856,Tiffany,Bryant,1954-12-13,456.388.1007,tiffany.bryant@example.com,2024-12-13 23:15
857,John,Smith,1941-07-19,614.687.1319,john.smith@example.com,2024-08-16 01:07
858,Sophia,Carter,2007-05-26,,sophia.carter@example.com,2023-01-22 00:27
859,Clifford,Anderson,1983-11-15,(539) 180-2693,clifford.anderson@example.com,2020-12-05 19:10
860,Linda,Harris,1973-04-21,+15444018217,linda.harris@example.com,2021-05-31 19:05
861,Alexis,Reyes,1938-10-18,(257) 101-6780,alexis.reyes@example.com,2024-10-15 20:44
862,Kevin,Miller,1972-07-31,696.570.4509,kevin.miller@example.com,2022-10-27 05:38
863,Brenda,Padilla,1942-03-13,851.730.1770,brenda.padilla@example.com,2020-11-25 03:47
864,Barbara,Richardson,2004-04-05,,barbara.richardson@example.com,2022-03-14 20:55
865,Walter,Davenport,1964-09-07,556-836-7062,walter.davenport@example.com,2023-10-16 23:39
866,Jasmine,Suarez,1946-12-10,722.090.5880,jasmine.suarez@example.com,2025-01-02 16:26
867,Michael,Newton,2012-01-09,128-385-5562,michael.newton@example.com,2022-12-07 18:37
868,Alejandro,Rogers,1997-03-14,801.670.2264,alejandro.rogers@example.com,2020-11-20 19:45
869,Michael,Graham,2012-06-28,(493) 271-1627,michael.graham@example.com,2020-12-26 14:45
870,Jason,Aguilar,1934-07-06,254-191-3640,jason.aguilar@example.com,2022-12-18 05:16
871,Gregg,Kennedy,2015-03-10,438.532.7200,gregg.kennedy@example.com,2021-10-04 17:08
872,John,Solis,1987-04-27,+13694034284,john.solis@example.com,2024-01-19 09:15
873,Benjamin,Jacobson,1964-12-15,,benjamin.jacobson@example.com,2023-11-06 16:54
874,Jerry,Giles,1979-03-10,+16118063368,jerry.giles@example.com,2020-05-18 19:48
875,Susan,Lewis,1965-04-27,(673) 101-0568,susan.lewis@example.com,2020-03-11 04:04
876,Donald,Wilson,1941-11-20,(539) 369-0010,donald.wilson@example.com,2021-05-25 15:07
877,Yesenia,Smith,2020-06-06,185-166-2602,yesenia.smith@example.com,2024-05-22 03:17
878,Andrew,Estrada,2011-08-16,676-942-8927,andrew.estrada@example.com,2022-10-25 08:22
879,Amanda,Hernandez,1938-10-17,877.150.9929,amanda.hernandez@example.com,2021-12-21 08:24
880,Erik,Lester,1938-04-26,394-554-6420,erik.lester@example.com,2021-08-02 02:00
881,Jose,Price,1986-03-07,715.589.7803,jose.price@example.com,2023-05-14 00:45
882,Lynn,Johnson,2023-09-30,,lynn.johnson@example.com,2025-03-22 23:07
883,Richard,Hartman,2019-04-14,968.789.9943,richard.hartman@example.com,2025-01-13 21:52
884,Stacy,Anderson,1940-09-04,(943) 398-8002,stacy.anderson@example.com,2021-10-29 08:21
885,Megan,Barry,1935-09-25,(929) 059-8718,megan.barry@example.com,2024-11-28 18:10
886,Sarah,Pacheco,2016-02-24,915-379-0877,sarah.pacheco@example.com,2023-02-10 11:30
887,Matthew,Davis,2002-07-07,547.677.7912,matthew.davis@example.com,2020-12-20 01:05
888,Eric,Anderson,1958-09-06,399.791.5599,eric.anderson@example.com,2024-06-27 13:17
889,Ronnie,Lindsey,2019-08-28,+17598386102,ronnie.lindsey@example.com,2025-01-28 17:22
890,Angela,Myers,2004-11-20,388.189.8463,angela.myers@example.com,2024-12-28 18:14
891,Andrea,Edwards,1953-05-31,+12438309638,andrea.edwards@example.com,2023-11-23 12:33
892,Stephanie,Durham,1970-02-09,+17320312878,stephanie.durham@example.com,2025-03-24 03:17
893,Shawn,Turner,1958-10-18,065-454-6932,shawn.turner@example.com,2022-08-31 00:49
894,Katie,Mejia,1999-08-27,+15845804870,katie.mejia@example.com,2020-12-29 08:20
895,Matthew,Wilson,2006-02-17,952-534-3015,matthew.wilson@example.com,2024-05-06 01:51
896,Jonathan,Robinson,1964-01-07,300-810-7181,jonathan.robinson@example.com,2024-11-20 20:38
897,Katherine,Davis,1950-11-22,590-879-1748,katherine.davis@example.com,2024-02-21 00:45
898,Amanda,Yu,1971-10-12,305-809-0205,amanda.yu@example.com,2024-09-20 01:16
899,Samantha,Alvarado,1970-10-15,+15933282681,samantha.alvarado@example.com,2021-03-11 21:16
900,James,Gomez,1969-09-19,342.699.3007,james.gomez@example.com,2025-04-08 10:33
901,Erika,Weeks,1941-01-12,,erika.weeks@example.com,2023-01-20 11:54
902,Jennifer,Rodriguez,1978-08-26,958.520.6566,jennifer.rodriguez@example.com,2021-02-28 04:45
903,John,Boyd,1966-10-30,161.153.8020,john.boyd@example.com,2024-10-10 18:35
904,Aaron,Wolfe,2007-11-12,121.417.7805,aaron.wolfe@example.com,2023-06-25 03:16
905,Alyssa,Valenzuela,2023-01-21,465.844.3623,alyssa.valenzuela@example.com,2023-10-10 23:59
906,Anthony,Graves,1950-06-18,(903) 227-5992,anthony.graves@example.com,2024-10-22 15:06
907,Sandra,House,1953-04-25,,sandra.house@example.com,2021-11-16 03:52
908,John,Oneill,1994-06-06,+18888043176,john.oneill@example.com,2021-11-29 13:32
909,Amanda,Padilla,1979-04-14,653-258-8429,amanda.padilla@example.com,2023-11-21 20:21
910,Erica,Oneal,1968-08-15,164.025.2428,erica.oneal@example.com,2024-09-03 22:33
911,Amanda,Parker,1957-11-10,(178) 586-0955,amanda.parker@example.com,2022-04-12 07:14
912,Emily,Aguilar,1983-11-16,+15604232619,emily.aguilar@example.com,2024-08-11 01:41
913,Rebecca,Gonzalez,1998-06-11,(220) 058-7396,rebecca.gonzalez@example.com,2023-10-03 06:40
914,Bryan,Joyce,1956-03-14,786.024.1329,bryan.joyce@example.com,2020-11-14 04:43
915,Brian,Barron,2004-06-12,753-081-8140,brian.barron@example.com,2022-07-13 22:47
916,Michael,Fisher,2000-11-18,(592) 857-2846,michael.fisher@example.com,2023-10-29 06:28
917,Kenneth,Gonzalez,1997-08-14,(642) 679-6717,kenneth.gonzalez@example.com,2023-09-26 03:25
918,Mary,Stein,1977-05-29,(533) 421-5727,mary.stein@example.com,2022-01-06 03:58
919,April,Johnson,1948-05-26,+12785248963,april.johnson@example.com,2025-03-11 00:25
920,Lisa,Smith,1984-11-25,476-992-4644,lisa.smith@example.com,2025-03-29 07:33
921,Patty,Woodward,1965-09-18,208-458-1857,patty.woodward@example.com,2021-10-04 22:46
922,Donna,Hensley,1973-12-06,+11881957589,donna.hensley@example.com,2024-07-11 17:43
923,Tamara,Williams,2004-03-15,438-979-4740,tamara.williams@example.com,2022-10-02 13:21
924,Thomas,Villanueva,1968-03-06,+11523826778,thomas.villanueva@example.com,2022-06-17 22:15
925,Matthew,Young,1986-01-31,(623) 711-4717,matthew.young@example.com,2021-02-25 06:14
926,Joseph,Hogan,2003-11-08,181.021.7628,joseph.hogan@example.com,2020-07-03 04:40
927,David,Ellis,1956-06-22,235-632-4823,david.ellis@example.com,2021-02-16 06:08
928,Charles,Williamson,1984-05-22,+14351256510,charles.williamson@example.com,2022-02-08 03:01
929,Jenna,Davidson,2007-09-30,800.337.5073,jenna.davidson@example.com,2024-02-29 16:41
930,Roy,Morse,1986-01-23,+10873431711,roy.morse@example.com,2025-05-04 13:07
931,Monica,Hopkins,2022-01-06,738.930.2783,monica.hopkins@example.com,2020-08-22 14:54
932,Shelby,Weeks,1981-08-13,(703) 792-3909,shelby.weeks@example.com,2023-06-05 14:43
933,Thomas,Brown,1936-11-05,+18506516799,thomas.brown@example.com,2023-02-20 15:56
934,Mackenzie,Melton,1999-09-18,035.443.3934,mackenzie.melton@example.com,2022-10-13 20:27
935,Jody,Jacobs,1971-07-17,(530) 087-8329,jody.jacobs@example.com,2023-11-25 08:27
936,Michael,Clark,2006-04-19,+16411331115,michael.clark@example.com,2020-07-15 18:16
937,Sharon,Morgan,1947-10-29,280.664.0910,sharon.morgan@example.com,2021-11-07 18:34
938,Sara,Petty,1953-04-05,586-466-3241,sara.petty@example.com,2024-03-17 00:37
939,Randall,Hall,1990-11-01,+17539755646,randall.hall@example.com,2022-11-15 08:50
940,Steven,Davis,1959-03-16,072-174-3592,steven.davis@example.com,2024-10-24 22:36
941,Jay,Perez,1975-01-09,+19703071917,jay.perez@example.com,2020-05-30 09:39
942,Angela,Rodriguez,2019-10-09,,angela.rodriguez@example.com,2025-04-29 11:19
943,Laura,Hale,2015-06-11,436.812.5301,laura.hale@example.com,2020-02-20 14:01
944,Christine,Boyd,1985-07-14,804-486-9236,christine.boyd@example.com,2023-10-03 00:39
945,Keith,Miller,2000-11-07,857.704.5296,keith.miller@example.com,2021-09-20 13:56
946,Teresa,Rose,1956-11-15,615-813-6823,teresa.rose@example.com,2022-07-26 20:43
947,Jeffery,Hernandez,1997-12-03,+13634391372,jeffery.hernandez@example.com,2020-10-16 23:56
948,Nathan,Garcia,1960-01-11,+17734661424,nathan.garcia@example.com,2020-09-13 01:43
949,Carrie,Sherman,1999-01-07,963-032-2944,carrie.sherman@example.com,2020-06-09 21:32
950,Timothy,Taylor,2005-03-23,+16740114156,timothy.taylor@example.com,2021-12-28 11:01
951,Jennifer,Macias,2021-08-30,(350) 259-1491,jennifer.macias@example.com,2020-10-22 17:24
952,Susan,Harris,1948-01-17,,susan.harris@example.com,2024-01-21 09:17
953,Heather,Nguyen,1981-05-19,,heather.nguyen@example.com,2025-01-18 11:57
954,Sierra,Carter,2021-03-13,865.102.3359,sierra.carter@example.com,2020-01-29 20:29
955,Heidi,Becker,1946-05-10,,heidi.becker@example.com,2022-12-03 10:44
956,Brittany,Williams,2001-01-18,041.531.1042,brittany.williams@example.com,2021-02-14 15:41
957,Alexander,Powers,1943-10-06,840-778-5463,alexander.powers@example.com,2023-04-05 03:45
958,Kristin,Benton,1995-04-10,,kristin.benton@example.com,2020-11-14 05:31
959,Savannah,Allison,1971-06-18,+17688715185,savannah.allison@example.com,2022-07-18 18:05
960,Meredith,Martinez,2008-02-05,216-068-6218,meredith.martinez@example.com,2021-03-19 19:53
961,Dominic,Hardin,1945-03-11,,dominic.hardin@example.com,2024-10-16 02:02
962,Alyssa,Johnson,1949-04-30,,alyssa.johnson@example.com,2021-05-24 21:25
963,Ana,Hughes,1939-10-18,162-440-0728,ana.hughes@example.com,2025-05-05 09:02
964,James,Gonzalez,2017-07-29,594.407.5851,james.gonzalez@example.com,2025-03-29 01:57
965,Patricia,Walker,2023-10-22,774-981-7486,patricia.walker@example.com,2020-09-26 07:55
966,Madeline,Hubbard,1945-02-08,717-392-0715,madeline.hubbard@example.com,2021-01-17 15:16
967,Jorge,Cox,2014-08-31,542.083.2992,jorge.cox@example.com,2022-12-28 04:23
968,John,Gutierrez,1958-02-18,+13584111371,john.gutierrez@example.com,2021-03-10 10:29
969,Eric,Joyce,1967-05-29,(981) 014-3575,eric.joyce@example.com,2022-02-10 00:40
970,Karen,Williamson,1951-02-05,+13928687923,karen.williamson@example.com,2020-03-24 08:10
971,Jennifer,Lozano,1976-03-22,+13615616188,jennifer.lozano@example.com,2021-09-30 07:08
972,Mary,Parker,1981-01-28,759-337-7008,mary.parker@example.com,2023-05-02 03:04
973,Elizabeth,Alvarez,1971-11-09,(971) 505-2318,elizabeth.alvarez@example.com,2022-01-13 14:33
974,Thomas,Conway,1952-09-06,(727) 764-0801,thomas.conway@example.com,2022-01-19 00:21
975,Samantha,Reid,1980-02-25,(869) 956-4377,samantha.reid@example.com,2024-06-29 07:53
976,David,Williams,1938-03-02,(222) 312-5768,david.williams@example.com,2023-01-26 21:26
977,Morgan,Melton,1994-12-09,280-837-1981,morgan.melton@example.com,2023-04-16 20:45
978,Ronald,Meyer,1959-05-14,188.565.4245,ronald.meyer@example.com,2023-02-09 07:07
979,Shelby,White,2007-05-12,889-875-4855,shelby.white@example.com,2024-01-03 09:23
980,Elizabeth,Davis,1934-11-01,(670) 302-1722,elizabeth.davis@example.com,2020-02-21 20:27
981,Benjamin,Leon,2001-03-30,(400) 018-6658,benjamin.leon@example.com,2022-03-25 13:57
982,Alexandra,Edwards,1937-08-28,(454) 138-5506,alexandra.edwards@example.com,2023-05-21 11:10
983,Kayla,Williams,1967-02-16,429.758.5293,kayla.williams@example.com,2023-08-09 00:03
984,Gregory,Davidson,1965-05-11,(611) 330-9297,gregory.davidson@example.com,2024-07-25 01:10
985,Sabrina,Gonzalez,1984-11-17,846-658-1047,sabrina.gonzalez@example.com,2022-05-12 01:29
986,Nicole,Murray,2004-08-03,,nicole.murray@example.com,2020-09-02 12:16
987,Ryan,Gay,1972-01-20,258-125-4554,ryan.gay@example.com,2021-04-27 17:45
988,Stephen,Thompson,1990-03-26,113.893.2988,stephen.thompson@example.com,2024-12-26 23:55
989,Richard,Evans,1986-03-03,(487) 929-8018,richard.evans@example.com,2022-08-21 15:54
990,Tammy,Thompson,1951-11-20,815-086-6485,tammy.thompson@example.com,2020-06-28 21:46
991,Isaiah,Sims,1994-05-09,111.517.3793,isaiah.sims@example.com,2020-12-26 08:35
992,Mary,Williams,1955-03-24,(396) 628-8694,mary.williams@example.com,2022-08-18 22:20
993,Melissa,Richards,2012-10-20,083-900-6559,melissa.richards@example.com,2021-01-06 02:18
994,Monique,Dean,2010-08-04,,monique.dean@example.com,2021-03-02 07:15
995,Lori,Martinez,1979-09-09,981-995-6092,lori.martinez@example.com,2024-03-22 07:13
996,Jesse,Friedman,1936-05-25,+12842568110,jesse.friedman@example.com,2021-06-02 17:39
997,Martha,Pope,1986-05-29,+11288929970,martha.pope@example.com,2021-01-01 18:56
998,Lori,Gray,2007-09-03,(273) 640-7088,lori.gray@example.com,2022-11-06 20:13
999,Edward,Taylor,2021-05-16,+19492231401,edward.taylor@example.com,2024-06-15 13:24
1000,Jocelyn,Scott,2018-11-29,,jocelyn.scott@example.com,2024-11-26 14:15
